-- phpMyAdmin SQL Dump
-- version 4.8.1
-- https://www.phpmyadmin.net/
--
-- Host: localhost
-- Generation Time: 2019 年 4 月 23 日 01:56
-- サーバのバージョン： 5.5.60
-- PHP Version: 5.6.36

SET SQL_MODE = "NO_AUTO_VALUE_ON_ZERO";
SET AUTOCOMMIT = 0;
START TRANSACTION;
SET time_zone = "+00:00";


/*!40101 SET @OLD_CHARACTER_SET_CLIENT=@@CHARACTER_SET_CLIENT */;
/*!40101 SET @OLD_CHARACTER_SET_RESULTS=@@CHARACTER_SET_RESULTS */;
/*!40101 SET @OLD_COLLATION_CONNECTION=@@COLLATION_CONNECTION */;
/*!40101 SET NAMES utf8mb4 */;

--
-- Database: `speed_force`
--

-- --------------------------------------------------------

--
-- テーブルの構造 `brands`
--

CREATE TABLE `brands` (
  `id` int(10) UNSIGNED NOT NULL,
  `name` varchar(125) COLLATE utf8mb4_unicode_ci NOT NULL,
  `remarks` varchar(400) COLLATE utf8mb4_unicode_ci DEFAULT NULL,
  `created` datetime NOT NULL,
  `updated` datetime NOT NULL
) ENGINE=InnoDB DEFAULT CHARSET=utf8mb4 COLLATE=utf8mb4_unicode_ci;

--
-- テーブルのデータのダンプ `brands`
--

INSERT INTO `brands` (`id`, `name`, `remarks`, `created`, `updated`) VALUES
(1, 'Adidas', NULL, '2019-01-03 00:00:00', '2019-01-03 00:00:00'),
(2, 'Chivas Regal Mizunara', 'Blended Scotch Whisky', '2019-01-03 00:00:00', '2019-01-03 00:00:00'),
(3, 'Pigeon', 'nội địa jp', '2019-02-19 00:00:00', '2019-02-19 00:00:00'),
(4, 'Kowa', 'nội địa jp', '2019-02-19 00:00:00', '2019-02-19 00:00:00'),
(5, 'Aneron', 'エスエス製薬株式会社', '2019-02-19 00:00:00', '2019-02-19 00:00:00'),
(6, 'Transino', 'nội địa jp', '2019-02-22 00:00:00', '2019-02-22 00:00:00'),
(7, 'Shiseido', NULL, '2019-03-20 00:00:00', '2019-03-20 00:00:00'),
(8, 'Asahi', NULL, '2019-03-20 00:00:00', '2019-03-20 00:00:00'),
(9, 'DHC', NULL, '2019-03-20 00:00:00', '2019-03-20 00:00:00'),
(10, 'Attonon', NULL, '2019-03-20 00:00:00', '2019-03-20 00:00:00'),
(11, 'iSDG', NULL, '2019-03-20 00:00:00', '2019-03-20 00:00:00'),
(12, 'Botanical', 'ボタニカル', '2019-03-22 00:00:00', '2019-03-22 00:00:00'),
(13, 'Santen', NULL, '2019-03-22 00:00:00', '2019-03-22 00:00:00'),
(14, 'Rohto', NULL, '2019-03-22 00:00:00', '2019-03-22 00:00:00'),
(15, 'Labo', NULL, '2019-03-22 00:00:00', '2019-03-22 00:00:00'),
(16, 'Shu Uemura', NULL, '2019-03-22 00:00:00', '2019-03-22 00:00:00'),
(17, 'Zeria', NULL, '2019-03-25 00:00:00', '2019-03-25 00:00:00'),
(18, 'Kose', NULL, '2019-03-26 00:00:00', '2019-03-26 00:00:00'),
(19, 'Morishita Jintan', '森下仁丹', '2019-03-26 00:00:00', '2019-03-26 00:00:00'),
(20, 'Orihiro', NULL, '2019-03-30 00:00:00', '2019-03-30 00:00:00'),
(21, 'Inochi no haha', NULL, '2019-03-30 00:00:00', '2019-03-30 00:00:00'),
(22, 'GRAPHICO', 'グラフィコ', '2019-03-30 00:00:00', '2019-03-30 00:00:00'),
(23, 'Unilever', NULL, '2019-04-05 00:00:00', '2019-04-05 00:00:00'),
(24, 'Okinawan Fucoidan', NULL, '2019-04-05 00:00:00', '2019-04-05 00:00:00'),
(25, 'byKuro', NULL, '2019-04-05 00:00:00', '2019-04-05 00:00:00'),
(26, 'Muhi', 'Ikeda Mohando', '2019-04-05 00:00:00', '2019-04-05 00:00:00'),
(27, 'SK-II', NULL, '2019-04-05 00:00:00', '2019-04-05 00:00:00'),
(28, 'Maquillage', NULL, '2019-04-06 00:00:00', '2019-04-06 00:00:00'),
(29, 'Botanist', NULL, '2019-04-07 00:00:00', '2019-04-07 00:00:00'),
(30, 'Nivea', NULL, '2019-04-08 00:00:00', '2019-04-08 00:00:00'),
(31, 'Mentholatum', NULL, '2019-04-08 00:00:00', '2019-04-08 00:00:00'),
(32, 'BLV', NULL, '2019-04-08 00:00:00', '2019-04-08 00:00:00'),
(33, 'Revlon', 'lipstick', '2019-04-10 00:00:00', '2019-04-10 00:00:00'),
(34, 'Chifure', NULL, '2019-04-10 00:00:00', '2019-04-10 00:00:00'),
(35, 'Wakodo', NULL, '2019-04-11 00:00:00', '2019-04-11 00:00:00'),
(36, 'Meiji', NULL, '2019-04-12 00:00:00', '2019-04-12 00:00:00'),
(37, 'Kobayashi', '', '2019-04-12 00:00:00', '2019-04-17 15:13:15'),
(38, 'UHA', NULL, '2019-04-12 00:00:00', '2019-04-12 00:00:00'),
(39, 'Everish', NULL, '2019-04-12 00:00:00', '2019-04-12 00:00:00'),
(40, 'Mimi', 'エムアンドエム', '2019-04-12 00:00:00', '2019-04-12 00:00:00'),
(41, 'Nike', NULL, '2019-04-12 00:00:00', '2019-04-12 00:00:00'),
(42, 'Pepee', NULL, '2019-04-12 00:00:00', '2019-04-12 00:00:00'),
(43, 'RyuKaKuSan', NULL, '2019-04-13 00:00:00', '2019-04-13 00:00:00'),
(44, 'Taisho', NULL, '2019-04-13 00:00:00', '2019-04-13 00:00:00'),
(45, 'Country & Stream', NULL, '2019-04-14 00:00:00', '2019-04-14 00:00:00'),
(46, 'Muji', NULL, '2019-04-15 00:00:00', '2019-04-15 00:00:00'),
(47, 'Cola', NULL, '2019-04-15 00:00:00', '2019-04-15 00:00:00'),
(48, 'Fine', NULL, '2019-04-15 00:00:00', '2019-04-15 00:00:00'),
(49, 'Pelican', NULL, '2019-04-15 00:00:00', '2019-04-15 00:00:00'),
(50, 'Kate', NULL, '2019-04-15 00:00:00', '2019-04-15 00:00:00'),
(51, 'Calbee', NULL, '2019-04-15 00:00:00', '2019-04-15 00:00:00'),
(52, 'WHITE CONC', NULL, '2019-04-15 00:00:00', '2019-04-15 00:00:00'),
(53, 'Nissin', '', '2019-04-17 16:57:04', '2019-04-17 16:57:04');

-- --------------------------------------------------------

--
-- テーブルの構造 `categories`
--

CREATE TABLE `categories` (
  `id` int(10) UNSIGNED NOT NULL,
  `name` varchar(125) COLLATE utf8mb4_unicode_ci NOT NULL,
  `remarks` varchar(400) COLLATE utf8mb4_unicode_ci DEFAULT NULL,
  `created` datetime NOT NULL,
  `updated` datetime NOT NULL
) ENGINE=InnoDB DEFAULT CHARSET=utf8mb4 COLLATE=utf8mb4_unicode_ci;

--
-- テーブルのデータのダンプ `categories`
--

INSERT INTO `categories` (`id`, `name`, `remarks`, `created`, `updated`) VALUES
(1, 'Sport Shoe', NULL, '2019-01-03 00:00:00', '2019-01-03 00:00:00'),
(2, 'Scotch whiskey', 'water and malted barley', '2019-01-03 00:00:00', '2019-01-03 00:00:00'),
(3, 'Spray', NULL, '2019-02-19 00:00:00', '2019-02-19 00:00:00'),
(4, 'Plastic', NULL, '2019-02-19 00:00:00', '2019-02-19 00:00:00'),
(5, 'Matcha', 'loại blending', '2019-02-19 00:00:00', '2019-02-19 00:00:00'),
(6, 'Capsule', 'thuốc viên con nhộng', '2019-02-19 00:00:00', '2019-02-19 00:00:00'),
(7, 'Beauty Care', NULL, '2019-02-22 00:00:00', '2019-02-22 00:00:00'),
(8, 'Healthcare', NULL, '2019-02-22 00:00:00', '2019-02-22 00:00:00'),
(9, 'Diet', NULL, '2019-02-22 00:00:00', '2019-02-22 00:00:00'),
(10, 'Medicine', NULL, '2019-03-20 00:00:00', '2019-03-20 00:00:00'),
(11, 'Gel', NULL, '2019-03-20 00:00:00', '2019-03-20 00:00:00'),
(12, 'Cream', NULL, '2019-03-20 00:00:00', '2019-03-20 00:00:00'),
(13, 'Eye Drops', NULL, '2019-03-22 00:00:00', '2019-03-22 00:00:00'),
(14, 'Sunscreen', NULL, '2019-03-22 00:00:00', '2019-03-22 00:00:00'),
(15, 'Foundation', NULL, '2019-03-22 00:00:00', '2019-03-22 00:00:00'),
(16, 'Medicare', NULL, '2019-03-26 00:00:00', '2019-03-26 00:00:00'),
(17, 'Food', NULL, '2019-03-31 00:00:00', '2019-03-31 00:00:00'),
(18, 'Lips', NULL, '2019-04-06 00:00:00', '2019-04-06 00:00:00'),
(19, 'Perfume', NULL, '2019-04-08 00:00:00', '2019-04-08 00:00:00'),
(20, 'Hair Care', NULL, '2019-04-12 00:00:00', '2019-04-12 00:00:00'),
(21, 'Face Wash', NULL, '2019-04-12 00:00:00', '2019-04-12 00:00:00'),
(22, 'Candy', NULL, '2019-04-12 00:00:00', '2019-04-12 00:00:00'),
(23, 'Gummy', NULL, '2019-04-12 00:00:00', '2019-04-12 00:00:00'),
(24, 'Mask', NULL, '2019-04-12 00:00:00', '2019-04-12 00:00:00');

-- --------------------------------------------------------

--
-- テーブルの構造 `clients`
--

CREATE TABLE `clients` (
  `id` int(10) UNSIGNED NOT NULL,
  `user_id` int(10) UNSIGNED NOT NULL,
  `country_id` tinyint(3) UNSIGNED NOT NULL DEFAULT '1',
  `name` varchar(125) COLLATE utf8mb4_unicode_ci NOT NULL,
  `firstname` varchar(125) COLLATE utf8mb4_unicode_ci DEFAULT NULL,
  `lastname` varchar(125) COLLATE utf8mb4_unicode_ci DEFAULT NULL,
  `address` varchar(255) COLLATE utf8mb4_unicode_ci DEFAULT NULL,
  `email` varchar(200) COLLATE utf8mb4_unicode_ci DEFAULT NULL,
  `phone` varchar(20) COLLATE utf8mb4_unicode_ci DEFAULT NULL,
  `remarks` text COLLATE utf8mb4_unicode_ci,
  `type` tinyint(1) UNSIGNED NOT NULL DEFAULT '0' COMMENT '0: KH bthg; 1: KH si; 2: Transport',
  `disabled` tinyint(1) NOT NULL DEFAULT '0',
  `created` datetime NOT NULL,
  `updated` datetime NOT NULL
) ENGINE=InnoDB DEFAULT CHARSET=utf8mb4 COLLATE=utf8mb4_unicode_ci;

--
-- テーブルのデータのダンプ `clients`
--

INSERT INTO `clients` (`id`, `user_id`, `country_id`, `name`, `firstname`, `lastname`, `address`, `email`, `phone`, `remarks`, `type`, `disabled`, `created`, `updated`) VALUES
(1, 1, 1, 'Thái Mập', 'Phạm Phong', 'Thái', '56/15 Tô Hiệu P.Tân Thới Hòa Q.Tân Phú', NULL, '0835138178', NULL, 0, 0, '2019-01-01 00:00:00', '2019-01-01 00:00:00'),
(2, 1, 1, 'Quí VTA', 'Tống Thị Kim', 'Quí', '163/15/9 tô hiến thành p13 q10', '', '0902398633', 'chuyên bán hàng Quảng Châu, mỹ phẩm', 0, 0, '2019-01-03 00:53:14', '2019-04-08 12:08:52'),
(3, 1, 1, 'Lan Aris', 'Lan', 'Nguyễn Thị', '', '', '0933906061', '0071005548715 - vcb chi nhánh HCM\r\nnguyễn thị lan', 0, 0, '2019-02-18 17:35:19', '2019-02-19 15:23:19'),
(4, 1, 1, 'Hy Aris', 'Hy', 'Nguyễn Đức', '', '', '01223891366', 'Vietcombank 0441000636934', 0, 0, '2019-02-18 17:36:07', '2019-02-19 11:26:42'),
(5, 1, 1, 'Hậu VTA', 'Hậu', 'Phan Hữu', '148/12/7/21 Tôn Đản, Phường 8, Quận 4', '', '0935457566', '', 0, 0, '2019-02-22 11:33:06', '2019-02-24 11:11:46'),
(6, 1, 1, 'Nam Cargo', 'Nam', 'Trần Văn', '', 'netnam82@gmail.com', '+81 - 036912.9337', 'Vietcombank chi nhánh Thành Công\r\n0451000229321\r\n\r\n+84 93 457 42 39', 2, 0, '2019-03-01 18:14:00', '2019-04-10 17:19:14'),
(7, 1, 2, 'Nguyễn Tiến ', 'Dũng', '', '830-0033 福岡県久留米市天神町82-3天神ウエノビル405号', '', '08064337979', '830-0033\r\n福岡県久留米市天神町82-3天神ウエノビル405号', 0, 0, '2019-03-12 10:29:08', '2019-03-12 10:29:08'),
(8, 1, 1, 'Bé Cẩm (ốp lưng)', NULL, NULL, NULL, 'shopping@client.com', NULL, NULL, 0, 0, '2019-04-06 20:56:18', '2019-04-06 20:56:18'),
(9, 1, 1, 'Bé Trâm', '', '', '', '', '', '', 0, 0, '2019-04-06 21:03:14', '2019-04-06 21:03:14'),
(10, 1, 1, 'Như Như', 'Như', 'Trần Lê Quỳnh', '350/36 Huỳnh Tấn Phát, P.Bình Thuận Q7, Tp.HCM', '', '0938051575', '', 1, 0, '2019-04-06 21:03:31', '2019-04-21 09:54:25'),
(11, 1, 1, 'Mi Nhon', '', '', '', '', '', '', 1, 0, '2019-04-06 21:03:53', '2019-04-14 02:45:05'),
(12, 1, 1, 'Linda', '', '', '101/1 đình nghi xuân KP 10 .Bình trị đông Bình tân', 'shopping@client.com', '0939.658.579', '', 0, 0, '2019-04-07 22:28:56', '2019-04-08 00:00:30'),
(13, 1, 1, 'Bé Tiền', NULL, NULL, NULL, 'shopping@client.com', NULL, NULL, 0, 0, '2019-04-08 00:10:18', '2019-04-08 00:10:18'),
(14, 1, 1, 'Chị Phượng', NULL, NULL, NULL, 'shopping@client.com', NULL, NULL, 0, 0, '2019-04-08 00:22:55', '2019-04-08 00:22:55'),
(15, 1, 1, 'Chị Trang (nhà)', NULL, NULL, NULL, 'shopping@client.com', NULL, NULL, 0, 0, '2019-04-08 00:28:42', '2019-04-08 00:28:42'),
(16, 1, 1, 'Dì Trang (nhà)', '', '', '', '', '', '', 1, 0, '2019-04-08 01:52:00', '2019-04-08 01:52:00'),
(17, 1, 1, 'Luyến (Nail)', NULL, NULL, NULL, 'shopping@client.com', NULL, NULL, 0, 0, '2019-04-08 11:48:36', '2019-04-08 11:48:36'),
(18, 1, 1, 'Ngọc (Lagi)', NULL, NULL, NULL, 'shopping@client.com', NULL, NULL, 0, 0, '2019-04-08 12:01:50', '2019-04-08 12:01:50'),
(19, 1, 1, 'Nana', '', '', '508-527 điện biên phủ .p,15 bình thạnh', 'shopping@client.com', '0945.585.508', '', 0, 0, '2019-04-08 12:07:24', '2019-04-08 12:07:53'),
(20, 1, 1, 'Trung (Lagi)', NULL, NULL, NULL, 'shopping@client.com', NULL, NULL, 0, 0, '2019-04-08 12:42:54', '2019-04-08 12:42:54'),
(21, 1, 1, 'Uyên (nhà)', '', '', '', '', '', '', 1, 0, '2019-04-08 12:54:46', '2019-04-08 12:54:46'),
(22, 1, 1, 'Hà (Chị Linh)', '', '', '70 lữ gia q11', '', '0937.009.376', '', 0, 0, '2019-04-08 14:04:01', '2019-04-08 14:04:01'),
(23, 1, 1, 'Bé Phương (Kho VTA)', NULL, NULL, NULL, 'shopping@client.com', NULL, NULL, 0, 0, '2019-04-08 14:13:50', '2019-04-08 14:13:50'),
(24, 1, 1, 'Nhung (Lagi)', '', '', '', 'shopping@client.com', '', '', 1, 0, '2019-04-08 14:17:16', '2019-04-08 14:17:30'),
(25, 1, 1, 'Bé Tín (Lagi)', '', '', '', 'shopping@client.com', '', '', 1, 0, '2019-04-08 14:25:54', '2019-04-14 02:44:33'),
(26, 1, 1, 'Trinh (Nail)', NULL, NULL, NULL, 'shopping@client.com', NULL, NULL, 0, 0, '2019-04-08 14:39:11', '2019-04-08 14:39:11'),
(27, 1, 1, 'Bé Hoa', NULL, NULL, NULL, 'shopping@client.com', NULL, NULL, 0, 0, '2019-04-10 02:44:22', '2019-04-10 02:44:22'),
(28, 1, 1, 'Bé Lý', NULL, NULL, NULL, 'shopping@client.com', NULL, NULL, 0, 0, '2019-04-10 02:47:10', '2019-04-10 02:47:10'),
(29, 1, 1, 'Chị Hương', NULL, NULL, NULL, 'shopping@client.com', NULL, NULL, 0, 0, '2019-04-10 02:53:55', '2019-04-10 02:53:55'),
(30, 1, 1, 'Chị Bi (aThanh)', NULL, NULL, NULL, 'shopping@client.com', NULL, NULL, 0, 0, '2019-04-10 02:55:46', '2019-04-10 02:55:46'),
(31, 1, 1, 'Đạt (VTA)', NULL, NULL, NULL, 'shopping@client.com', NULL, NULL, 0, 0, '2019-04-10 02:57:38', '2019-04-10 02:57:38'),
(32, 1, 1, 'Bé Na', NULL, NULL, NULL, 'shopping@client.com', NULL, NULL, 0, 0, '2019-04-10 03:09:47', '2019-04-10 03:09:47'),
(33, 1, 1, 'Giang (Q6)', '', '', '', 'shopping@client.com', '', '', 0, 0, '2019-04-10 03:15:03', '2019-04-10 14:36:00'),
(34, 1, 1, 'Trinh (Pops)', NULL, NULL, NULL, 'shopping@client.com', NULL, NULL, 0, 0, '2019-04-10 03:20:01', '2019-04-10 03:20:01'),
(35, 1, 1, 'Chị Linh', NULL, NULL, NULL, 'shopping@client.com', NULL, NULL, 0, 0, '2019-04-10 03:50:55', '2019-04-10 03:50:55'),
(36, 1, 1, 'Dũng Gấu Japan', '', '', '', 'Nguyendung3006jp@gmail.com', '', '', 2, 0, '2019-04-10 03:52:04', '2019-04-11 01:55:14'),
(37, 1, 1, 'Bé Hà Bom', NULL, NULL, NULL, 'shopping@client.com', NULL, NULL, 0, 0, '2019-04-10 12:24:42', '2019-04-10 12:24:42'),
(38, 1, 1, 'Chị Bi (Bo)', NULL, NULL, NULL, 'shopping@client.com', NULL, NULL, 0, 0, '2019-04-10 12:31:16', '2019-04-10 12:31:16'),
(39, 1, 1, 'Bé Vân (Ma Lâm)', NULL, NULL, NULL, 'shopping@client.com', NULL, NULL, 0, 0, '2019-04-10 12:48:51', '2019-04-10 12:48:51'),
(40, 1, 1, 'Bé Phương (Thu ngân VTA)', NULL, NULL, NULL, 'shopping@client.com', NULL, NULL, 0, 0, '2019-04-10 12:53:02', '2019-04-10 12:53:02'),
(41, 1, 1, 'Bạn Thanh', '', '', '', 'shopping@client.com', '', '', 0, 0, '2019-04-10 14:59:49', '2019-04-10 15:02:10'),
(42, 1, 1, 'Phước (Lagi)', NULL, NULL, NULL, 'shopping@client.com', NULL, NULL, 0, 0, '2019-04-10 19:49:02', '2019-04-10 19:49:02'),
(43, 1, 1, 'Ngà (Lagi)', NULL, NULL, NULL, 'shopping@client.com', NULL, NULL, 0, 0, '2019-04-10 19:49:26', '2019-04-10 19:49:26'),
(44, 1, 1, 'Chị Hai (Lagi)', NULL, NULL, NULL, 'shopping@client.com', NULL, NULL, 0, 0, '2019-04-11 00:37:11', '2019-04-11 00:37:11'),
(45, 1, 1, 'Ku Phúc', NULL, NULL, NULL, 'shopping@client.com', NULL, NULL, 0, 0, '2019-04-11 01:13:30', '2019-04-11 01:13:30'),
(46, 1, 1, 'Bé Phương (PL)', NULL, NULL, NULL, 'shopping@client.com', NULL, NULL, 0, 0, '2019-04-11 01:46:52', '2019-04-11 01:46:52'),
(47, 1, 1, 'Bé Giỏi', NULL, NULL, NULL, 'shopping@client.com', NULL, NULL, 0, 0, '2019-04-11 01:48:22', '2019-04-11 01:48:22'),
(48, 1, 1, 'Bé Huyền', NULL, NULL, NULL, 'shopping@client.com', NULL, NULL, 0, 0, '2019-04-11 01:52:13', '2019-04-11 01:52:13'),
(49, 1, 1, 'Mợ Ngôn (Lagi)', NULL, NULL, NULL, 'shopping@client.com', NULL, NULL, 0, 0, '2019-04-11 02:16:14', '2019-04-11 02:16:14'),
(50, 1, 1, 'Như (nhỏ)', NULL, NULL, NULL, 'shopping@client.com', NULL, NULL, 0, 0, '2019-04-11 02:29:13', '2019-04-11 02:29:13'),
(51, 1, 1, 'Bé Kiều', NULL, NULL, NULL, 'shopping@client.com', NULL, NULL, 0, 0, '2019-04-11 02:30:39', '2019-04-11 02:30:39'),
(52, 1, 1, 'Trinh (KHS)', '', '', '', 'shopping@client.com', '', '', 1, 0, '2019-04-11 10:45:27', '2019-04-14 02:44:53'),
(53, 1, 1, 'Khang', 'Khang', 'Le Duong', NULL, 'leduongkhang@gmail.com', NULL, NULL, 3, 0, '2019-04-11 15:57:07', '2019-04-11 15:57:07'),
(54, 1, 1, 'Vân (Ma Lâm)', NULL, NULL, NULL, 'shopping@client.com', NULL, NULL, 0, 0, '2019-04-14 00:15:18', '2019-04-14 00:15:18'),
(55, 1, 1, 'Bé Vy (Lagi)', NULL, NULL, NULL, 'shopping@client.com', NULL, NULL, 0, 0, '2019-04-14 00:21:24', '2019-04-14 00:21:24'),
(56, 1, 1, 'Tiểu Duy', NULL, NULL, NULL, 'shopping@client.com', NULL, NULL, 0, 0, '2019-04-14 00:49:53', '2019-04-14 00:49:53'),
(57, 1, 1, 'Bé Huyền', NULL, NULL, NULL, 'shopping@client.com', NULL, NULL, 0, 0, '2019-04-14 00:52:09', '2019-04-14 00:52:09'),
(58, 1, 1, 'Lan Uyên', NULL, NULL, NULL, 'shopping@client.com', NULL, NULL, 0, 0, '2019-04-14 01:46:44', '2019-04-14 01:46:44'),
(59, 1, 1, 'Uyên (Đà Lạt)', NULL, NULL, NULL, 'shopping@client.com', NULL, NULL, 0, 0, '2019-04-14 01:49:57', '2019-04-14 01:49:57'),
(60, 1, 1, 'KH Mới', NULL, NULL, NULL, 'shopping@client.com', NULL, NULL, 0, 0, '2019-04-14 02:04:25', '2019-04-14 02:04:25'),
(61, 1, 1, '*', '', '', '', '', '', 'khách vãn lai', 0, 0, '2019-04-16 10:17:37', '2019-04-16 10:17:37'),
(62, 1, 2, 'Huong Kantoh HCM', 'Hương', 'Vu Lan', '千葉県千葉市緑区越智町1701-84', '', '090-6589-0436', 'Tiếng Nhật\r\nMã Bưu điện: 267－0055\r\nSố phone: 090-6589-0436\r\nĐịa chỉ: 千葉県千葉市緑区越智町1701-84\r\nHọ tên: Huong Kantoh HCM\r\n\r\nTiếng Anh\r\nMã Bưu điện: 267-0055\r\nSố phone: 090-6589-0436\r\nĐịa chỉ: Chiba shi Midori ku Ochi cho 1701-84 \r\nHọ tên: Huong Kantoh HCM\r\n\r\n***\r\nđi hàng t2 & t6\r\nbay t2 -> t5 trả hàng\r\nbay t6 -> t5 trả hàng\r\n220k/kg\r\nphát miễn phí cho KH với đơn hàng từ 5kg trở lên trong bán kính 10km', 2, 0, '2019-04-18 18:25:13', '2019-04-18 18:25:13'),
(63, 1, 1, 'Rose Huong', 'Huong', 'Dieu', '173-0025 東京都板橋区熊野町32－5　鯉渕ビル1階', 'nhinlen24@gmail.com', '+84 906 225 173', 'Thông tin chuyển hàng như sau:\r\n\r\n1. Thông tin gửi hàng lên Tokyo:\r\n\r\nNgười gửi: tên khách hàng (RH)\r\nNgười nhận : YOUCARGO VIETNAM\r\nĐịa chỉ: 173-0025\r\nFLOOR 1ST KOIBUCHI BLDG., 32-5 KUMANOCHO, ITABASHIKU, TOKYO\r\nTEL : 080 9663 7122\r\n\r\n2. Lịch trình hàng hóa:\r\n\r\nNhận hàng tại vp tokyo vào thứ 2=>giao thứ 6 tại trung tâm Hà Nội\r\nNhận hàng  vào thứ 3=>giao thứ 7 \r\nNhận hàng vào thứ 4,5 và 6 => giao thứ 5 kế tiếp.\r\n\r\nHàng về HCM,thời gian cộng thêm 1 ngày( k tính chủ nhật và ngày lễ)\r\n\r\n3. Giá cả vận chuyển:\r\nĐối với hàng tạp thông thường: 195.000vnd/kg về HAN.\r\n\r\nCước phí từ HN vào HCM : 25.000vnd/kg\r\n\r\nĐối với hàng điện tử điện lạnh,hàng giá trị cao,hàng cũ,hàng đặc biệt khác : vui lòng kiểm tra thông tin với bên vận chuyển.\r\n\r\n4. Hàng hóa yêu cầu đầy đủ hóa đơn mua bán tại nhật(hóa đơn giấy hoặc hóa đơn điện tử,k bắt buộc đủ 100%)\r\n\r\n5. Khi gửi hàng lên,yêu cầu khách hàng gửi phiếu tabukin chuyển hàng và danh sách kê khai hàng hóa cho bên vận chuyển,gửi qua viber,zalo hoặc email đều được chấp nhận.\r\n\r\nHóa đơn giấy để trong thùng hàng,k cần phải gửi trước cho bên vận chuyển.\r\n\r\nPhiếu tabukin gửi hàng và list hàng phải được gửi trước hoặc trong ngày hàng lên đến văn phòng tokyo của bên vận chuyển.\r\n\r\n6. Không nhận vận chuyển hàng dễ cháy nổ(nước hoa,những sản phẩm dạng xịt có áp suất...) hàng cấm,hàng có thành phần chiết xuất từ động thực vật quý hiếm( GH Creation,nhân sâm...),hàng cấm theo quy định,vũ khí,ma túy....\r\n\r\n7. Hàng phải được đóng gói và bảo quản chắc chắn trong thùng hàng.\r\nKhông bọc hàng trong các túi nhỏ,bọc nhỏ mà xếp hàng ngay ngắn,cẩn thận và chắc chắn.\r\n\r\nNếu là hàng dễ vỡ,cần phải bọc xốp,bọc túi sao cho tránh va đập.\r\n\r\nRiêng đối với hàng mua miễn thuế có niêm phong tại nhật,bên vận chuyển chỉ nhận chuyển hàng về khi gói hàng phải được bóc dỡ niêm phong,vì theo nguyên tắc của nhật,hàng miễn thuế có niêm phong k được xuất khẩu.Vì vậy,khách hàng nên lưu ý điểm này khi mua hàng miễn thuế.\r\n\r\nĐối với hàng quần áo mùa đông,có thể hút/ép chân không hoặc bọc theo từng đơn hàng.Nhưng cần ghi danh sách chi tiết các món hàng bằng tiếng anh hoặc nhật,và được dán hoặc kẹp bên ngoài bọc hàng/hút chân không đó,mục đích thuận lợi để kiểm hàng cho bên vận chuyển.\r\n\r\nChi tiết cụ thể để đóng gói cho hàng nhạy cảm,cần hỏi trước thông tin với bên vận chuyển.\r\n\r\n8. Đối với những mặt hàng nhạy cảm hoặc đồ cũ,hàng giá trị cao,cần hỏi bên vận chuyển trước khi gửi.\r\n\r\n9.Hàng hóa được vận chuyển đảm bảo và an toàn. Nếu xảy ra mất mát,thất lạc do nguyên nhân khách quan liên quan đến vận chuyển,bên vận chuyển sẽ đền bù 100% giá trị tiền hàng với đầy đủ hóa đơn đã mua tại Nhật.\r\n\r\nXin chân thành cảm ơn sự hợp tác của Quý khách!\r\n\r\nĐể biết thêm chi tiết về dịch vụ,xin vui long liên hệ theo thông tin:\r\nMs : Rose Huong/YOUCARGO VIET NAM\r\nViber/zalo: +84 906 225 173\r\nEmail: nhinlen24@gmail.com', 2, 0, '2019-04-19 17:37:03', '2019-04-19 17:40:13'),
(64, 1, 1, 'Chị Hai (Lagi)', NULL, NULL, NULL, 'shopping@client.com', NULL, NULL, 0, 0, '2019-04-20 01:10:13', '2019-04-20 01:10:13'),
(65, 1, 1, 'Bé Phương (Sỉ)', '', '', '', '', '', '', 1, 0, '2019-04-20 01:19:21', '2019-04-20 01:19:21'),
(66, 1, 1, 'Bạn Huệ (Lagi)', NULL, NULL, NULL, 'shopping@client.com', NULL, NULL, 0, 0, '2019-04-20 01:26:07', '2019-04-20 01:26:07');

-- --------------------------------------------------------

--
-- テーブルの構造 `commons`
--

CREATE TABLE `commons` (
  `id` int(11) UNSIGNED NOT NULL,
  `cid` int(4) UNSIGNED NOT NULL COMMENT '定義グループid',
  `seq` int(4) UNSIGNED NOT NULL DEFAULT '0' COMMENT '定義値ソート順',
  `name` varchar(100) COLLATE utf8mb4_unicode_ci NOT NULL COMMENT '定義値表示名',
  `value` varchar(100) COLLATE utf8mb4_unicode_ci DEFAULT NULL COMMENT '値',
  `remarks` varchar(100) COLLATE utf8mb4_unicode_ci DEFAULT NULL COMMENT '備考',
  `deleted` tinyint(1) UNSIGNED NOT NULL DEFAULT '0' COMMENT '有効化フラグ 0:有効,1:無効',
  `created` datetime NOT NULL COMMENT '登録日時',
  `updated` datetime NOT NULL COMMENT '更新日時'
) ENGINE=InnoDB DEFAULT CHARSET=utf8mb4 COLLATE=utf8mb4_unicode_ci;

--
-- テーブルのデータのダンプ `commons`
--

INSERT INTO `commons` (`id`, `cid`, `seq`, `name`, `value`, `remarks`, `deleted`, `created`, `updated`) VALUES
(1, 1, 1, 'par_level', '2', 'product par levels', 0, '2019-03-15 00:00:00', '2019-03-15 00:00:00');

-- --------------------------------------------------------

--
-- テーブルの構造 `countries`
--

CREATE TABLE `countries` (
  `id` tinyint(3) UNSIGNED NOT NULL,
  `name` varchar(125) COLLATE utf8mb4_unicode_ci NOT NULL,
  `code` varchar(6) COLLATE utf8mb4_unicode_ci NOT NULL
) ENGINE=InnoDB DEFAULT CHARSET=utf8mb4 COLLATE=utf8mb4_unicode_ci;

--
-- テーブルのデータのダンプ `countries`
--

INSERT INTO `countries` (`id`, `name`, `code`) VALUES
(1, 'Viet Nam', 'vn'),
(2, 'Nhat Ban', 'jp');

-- --------------------------------------------------------

--
-- テーブルの構造 `invoices`
--

CREATE TABLE `invoices` (
  `id` int(10) UNSIGNED NOT NULL,
  `user_id` int(10) UNSIGNED NOT NULL,
  `client_id` int(10) UNSIGNED NOT NULL,
  `remarks` varchar(400) COLLATE utf8mb4_unicode_ci DEFAULT NULL,
  `total_price` float UNSIGNED NOT NULL DEFAULT '0' COMMENT 'invoice total price',
  `status` tinyint(1) UNSIGNED NOT NULL DEFAULT '0' COMMENT '0:unpaid;1:paid',
  `deliver` tinyint(1) NOT NULL DEFAULT '0' COMMENT '0:shop;1:delivering;2:finished',
  `disabled` tinyint(1) NOT NULL DEFAULT '0',
  `created` datetime NOT NULL,
  `updated` datetime NOT NULL
) ENGINE=InnoDB DEFAULT CHARSET=utf8mb4 COLLATE=utf8mb4_unicode_ci;

--
-- テーブルのデータのダンプ `invoices`
--

INSERT INTO `invoices` (`id`, `user_id`, `client_id`, `remarks`, `total_price`, `status`, `deliver`, `disabled`, `created`, `updated`) VALUES
(1, 1, 12, '', 5000000, 1, 2, 0, '2019-02-26 00:00:00', '2019-02-26 00:00:00'),
(2, 1, 13, '', 1300000, 1, 2, 0, '2019-02-26 00:00:00', '2019-02-26 00:00:00'),
(3, 1, 14, '', 1950000, 1, 2, 0, '2019-02-26 00:00:00', '2019-02-26 00:00:00'),
(4, 1, 15, '', 2348000, 1, 2, 0, '2019-02-26 00:00:00', '2019-02-26 00:00:00'),
(5, 1, 16, '', 4415000, 1, 2, 0, '2019-02-26 00:00:00', '2019-02-26 00:00:00'),
(6, 1, 17, '', 1550000, 1, 2, 0, '2019-02-26 00:00:00', '2019-02-26 00:00:00'),
(7, 1, 19, '', 1400000, 1, 2, 0, '2019-02-26 00:00:00', '2019-02-26 00:00:00'),
(8, 1, 18, '', 4960000, 1, 2, 0, '2019-02-26 00:00:00', '2019-02-26 00:00:00'),
(9, 1, 22, '', 1400000, 1, 2, 0, '2019-02-26 00:00:00', '2019-02-26 00:00:00'),
(10, 1, 2, '', 6482000, 1, 2, 0, '2019-02-26 00:00:00', '2019-02-26 00:00:00'),
(11, 1, 20, '', 1000000, 1, 2, 0, '2019-02-26 00:00:00', '2019-02-26 00:00:00'),
(12, 1, 21, '', 3635000, 1, 2, 0, '2019-02-26 00:00:00', '2019-02-26 00:00:00'),
(13, 1, 23, '', 1750000, 1, 2, 0, '2019-02-26 00:00:00', '2019-02-26 00:00:00'),
(14, 1, 24, '', 1800000, 1, 2, 0, '2019-02-26 00:00:00', '2019-02-26 00:00:00'),
(15, 1, 25, '', 1450000, 1, 2, 0, '2019-02-26 00:00:00', '2019-02-26 00:00:00'),
(16, 1, 26, '', 4650000, 1, 2, 0, '2019-02-26 00:00:00', '2019-02-26 00:00:00'),
(17, 1, 27, '', 1800000, 1, 2, 0, '2019-03-02 00:00:00', '2019-03-02 00:00:00'),
(18, 1, 28, '', 700000, 1, 2, 0, '2019-03-02 00:00:00', '2019-03-02 00:00:00'),
(19, 1, 29, '', 2100000, 1, 2, 0, '2019-03-02 00:00:00', '2019-03-02 00:00:00'),
(20, 1, 15, '', 700000, 1, 2, 0, '2019-03-02 00:00:00', '2019-03-02 00:00:00'),
(21, 1, 31, '', 800000, 1, 2, 0, '2019-03-02 00:00:00', '2019-03-02 00:00:00'),
(22, 1, 25, '', 2750000, 1, 2, 0, '2019-03-02 00:00:00', '2019-03-02 00:00:00'),
(23, 1, 26, '', 3250000, 1, 2, 0, '2019-03-02 00:00:00', '2019-03-02 00:00:00'),
(24, 1, 34, '', 450000, 1, 2, 0, '2019-03-02 00:00:00', '2019-03-02 00:00:00'),
(25, 1, 23, '', 700000, 0, 1, 0, '2019-03-02 00:00:00', '2019-04-20 00:33:50'),
(26, 1, 35, '', 850000, 1, 2, 0, '2019-03-19 00:00:00', '2019-03-19 00:00:00'),
(27, 1, 16, '', 300000, 1, 2, 0, '2019-03-19 00:00:00', '2019-03-19 00:00:00'),
(28, 1, 37, '', 540000, 1, 2, 0, '2019-03-19 00:00:00', '2019-03-19 00:00:00'),
(29, 1, 24, '', 2350000, 1, 2, 0, '2019-03-19 00:00:00', '2019-03-19 00:00:00'),
(30, 1, 39, '', 600000, 1, 2, 0, '2019-03-19 00:00:00', '2019-03-19 00:00:00'),
(31, 1, 40, '', 2050000, 1, 2, 0, '2019-03-19 00:00:00', '2019-03-19 00:00:00'),
(32, 1, 26, 'Có kèm quà tặng, giá bằng 0', 0, 1, 2, 0, '2019-03-19 00:00:00', '2019-03-19 00:00:00'),
(33, 1, 12, 'Có kèm quà tặng, giá bằng 0', 0, 1, 2, 0, '2019-03-19 00:00:00', '2019-03-19 00:00:00'),
(34, 1, 25, '', 1500000, 1, 2, 0, '2019-03-19 00:00:00', '2019-03-19 00:00:00'),
(35, 1, 15, '', 900000, 0, 2, 0, '2019-03-22 00:00:00', '2019-04-20 01:00:11'),
(36, 1, 42, '', 0, 1, 2, 0, '2019-03-22 00:00:00', '2019-03-22 00:00:00'),
(37, 1, 43, '', 0, 1, 2, 0, '2019-03-22 00:00:00', '2019-03-22 00:00:00'),
(38, 1, 24, '', 0, 1, 2, 0, '2019-03-22 00:00:00', '2019-03-22 00:00:00'),
(39, 1, 41, '', 450000, 1, 2, 0, '2019-03-22 00:00:00', '2019-03-22 00:00:00'),
(40, 1, 33, '', 370000, 1, 2, 0, '2019-03-22 00:00:00', '2019-03-22 00:00:00'),
(41, 1, 25, '', 840000, 1, 2, 0, '2019-03-22 00:00:00', '2019-04-20 01:02:01'),
(42, 1, 20, '', 3350000, 1, 2, 0, '2019-03-22 00:00:00', '2019-04-20 01:02:03'),
(43, 1, 32, '', 1850000, 1, 2, 0, '2019-03-22 00:00:00', '2019-04-20 01:02:35'),
(44, 1, 30, '', 0, 1, 2, 0, '2019-03-22 00:00:00', '2019-03-22 00:00:00'),
(45, 1, 38, '', 700000, 1, 2, 0, '2019-03-22 00:00:00', '2019-04-20 01:02:50'),
(46, 1, 17, '', 550000, 1, 2, 0, '2019-03-22 00:00:00', '2019-04-20 01:02:57'),
(47, 1, 44, '', 1650000, 1, 2, 0, '2019-03-22 00:00:00', '2019-04-20 01:03:00'),
(48, 1, 45, '', 0, 1, 2, 0, '2019-03-22 00:00:00', '2019-03-22 00:00:00'),
(49, 1, 24, '', 0, 1, 2, 0, '2019-03-22 00:00:00', '2019-03-22 00:00:00'),
(50, 1, 46, '', 650000, 1, 2, 0, '2019-03-29 00:00:00', '2019-04-20 01:03:51'),
(51, 1, 47, '', 300000, 1, 2, 0, '2019-03-29 00:00:00', '2019-04-20 01:03:59'),
(52, 1, 48, '', 420000, 0, 1, 0, '2019-03-29 00:00:00', '2019-04-11 16:11:46'),
(53, 1, 49, '', 800000, 1, 2, 0, '2019-03-29 00:00:00', '2019-04-20 01:04:12'),
(54, 1, 24, '', 1590000, 0, 2, 0, '2019-03-29 00:00:00', '2019-04-20 01:04:25'),
(55, 1, 10, '', 1070000, 0, 1, 0, '2019-03-29 00:00:00', '2019-03-29 00:00:00'),
(56, 1, 12, '', 920000, 1, 2, 0, '2019-03-29 00:00:00', '2019-04-20 01:04:38'),
(57, 1, 50, '', 640000, 0, 1, 0, '2019-03-29 00:00:00', '2019-03-29 00:00:00'),
(58, 1, 51, '', 140000, 1, 2, 0, '2019-03-29 00:00:00', '2019-04-20 01:04:56'),
(59, 1, 52, '', 870000, 0, 1, 0, '2019-03-29 00:00:00', '2019-03-29 00:00:00'),
(60, 1, 8, '', 950000, 1, 2, 0, '2019-04-11 15:57:07', '2019-04-20 01:05:14'),
(61, 1, 8, '', 7900000, 0, 0, 0, '2019-04-14 00:00:31', '2019-04-14 00:00:31'),
(62, 1, 9, '', 4150000, 0, 0, 0, '2019-04-14 00:02:41', '2019-04-14 00:02:41'),
(63, 1, 10, '', 7150000, 0, 0, 0, '2019-04-14 00:06:36', '2019-04-14 00:06:36'),
(64, 1, 11, '', 820000, 0, 0, 0, '2019-04-14 00:11:25', '2019-04-17 13:09:43'),
(65, 1, 18, '', 300000, 0, 0, 0, '2019-04-14 00:13:32', '2019-04-14 00:13:32'),
(66, 1, 54, '', 400000, 0, 0, 0, '2019-04-14 00:15:18', '2019-04-14 00:15:18'),
(67, 1, 14, '', 1530000, 0, 0, 0, '2019-04-14 00:19:29', '2019-04-14 00:19:29'),
(68, 1, 55, '', 150000, 0, 0, 0, '2019-04-14 00:21:24', '2019-04-14 00:21:24'),
(69, 1, 24, '', 1150000, 0, 0, 0, '2019-04-14 00:22:28', '2019-04-14 00:22:28'),
(70, 1, 56, '', 120000, 0, 0, 0, '2019-04-14 00:49:53', '2019-04-14 00:49:53'),
(71, 1, 15, '', 1000000, 0, 0, 0, '2019-04-14 00:50:30', '2019-04-14 00:50:30'),
(72, 1, 57, '', 550000, 0, 0, 0, '2019-04-14 00:52:09', '2019-04-14 00:52:09'),
(73, 1, 11, '', 350000, 0, 0, 0, '2019-04-14 01:42:35', '2019-04-14 01:42:35'),
(74, 1, 8, '', 1050000, 0, 0, 0, '2019-04-14 01:43:21', '2019-04-14 22:25:59'),
(75, 1, 58, '', 380000, 0, 0, 0, '2019-04-14 01:46:44', '2019-04-14 01:46:44'),
(76, 1, 24, '', 500000, 0, 0, 0, '2019-04-14 01:48:29', '2019-04-14 01:48:29'),
(77, 1, 59, '', 1610000, 0, 0, 0, '2019-04-14 01:49:57', '2019-04-16 15:04:16'),
(78, 1, 52, '', 1695000, 0, 0, 0, '2019-04-14 01:59:19', '2019-04-14 11:14:02'),
(79, 1, 25, '', 704000, 0, 0, 0, '2019-04-14 02:04:26', '2019-04-14 02:04:26'),
(80, 1, 45, '', 870000, 0, 0, 0, '2019-04-14 02:06:28', '2019-04-14 02:06:28'),
(81, 1, 33, '', 8200000, 0, 0, 0, '2019-04-14 02:14:54', '2019-04-14 11:17:53'),
(82, 1, 61, '', 350000, 1, 2, 0, '2019-04-16 10:18:24', '2019-04-20 01:07:31'),
(83, 1, 61, '', 1000000, 1, 2, 0, '2019-04-16 10:21:42', '2019-04-20 01:08:00'),
(84, 1, 51, '', 175000, 0, 0, 0, '2019-04-16 17:43:14', '2019-04-16 17:43:14'),
(85, 1, 64, '', 1070000, 1, 2, 0, '2019-04-20 01:10:13', '2019-04-20 01:10:21'),
(86, 1, 45, '', 1540000, 0, 0, 0, '2019-04-20 01:14:11', '2019-04-21 10:06:48'),
(87, 1, 33, '', 1170000, 0, 0, 0, '2019-04-20 01:15:16', '2019-04-20 01:15:16'),
(88, 1, 59, '', 1340000, 0, 0, 0, '2019-04-20 01:16:51', '2019-04-20 01:16:51'),
(89, 1, 8, '', 1000000, 0, 0, 0, '2019-04-20 01:17:44', '2019-04-21 00:39:17'),
(90, 1, 25, '', 2300000, 0, 0, 0, '2019-04-20 01:18:12', '2019-04-21 00:39:51'),
(91, 1, 65, '', 2060000, 0, 0, 0, '2019-04-20 01:20:16', '2019-04-20 01:20:16'),
(92, 1, 66, '', 1180000, 0, 0, 0, '2019-04-20 01:26:07', '2019-04-21 00:29:33'),
(93, 1, 11, '', 650000, 0, 0, 0, '2019-04-20 01:26:42', '2019-04-21 00:40:40'),
(94, 1, 66, '', 310000, 0, 0, 0, '2019-04-21 00:30:38', '2019-04-21 00:30:38'),
(95, 1, 55, '', 200000, 0, 0, 0, '2019-04-21 00:41:29', '2019-04-21 00:41:29'),
(96, 1, 24, '', 1350000, 0, 0, 0, '2019-04-21 00:43:23', '2019-04-21 00:43:23'),
(97, 1, 29, '', 300000, 0, 0, 0, '2019-04-21 00:45:16', '2019-04-21 00:45:16');

-- --------------------------------------------------------

--
-- テーブルの構造 `invoices_details`
--

CREATE TABLE `invoices_details` (
  `id` int(10) UNSIGNED NOT NULL,
  `client_id` int(10) UNSIGNED NOT NULL,
  `invoice_id` int(10) UNSIGNED NOT NULL,
  `product_id` int(10) UNSIGNED NOT NULL,
  `warehouse_id` tinyint(3) UNSIGNED NOT NULL,
  `price` float UNSIGNED NOT NULL DEFAULT '0',
  `quantity` smallint(5) UNSIGNED NOT NULL DEFAULT '0',
  `remarks` varchar(400) COLLATE utf8mb4_unicode_ci DEFAULT NULL,
  `created` datetime NOT NULL,
  `updated` datetime NOT NULL
) ENGINE=InnoDB DEFAULT CHARSET=utf8mb4 COLLATE=utf8mb4_unicode_ci;

--
-- テーブルのデータのダンプ `invoices_details`
--

INSERT INTO `invoices_details` (`id`, `client_id`, `invoice_id`, `product_id`, `warehouse_id`, `price`, `quantity`, `remarks`, `created`, `updated`) VALUES
(1, 12, 1, 1, 1, 650000, 4, NULL, '2019-02-26 00:00:00', '2019-02-26 00:00:00'),
(2, 12, 1, 3, 1, 650000, 1, NULL, '2019-02-26 00:00:00', '2019-02-26 00:00:00'),
(3, 12, 1, 19, 1, 650000, 1, NULL, '2019-02-26 00:00:00', '2019-02-26 00:00:00'),
(4, 12, 1, 86, 1, 1100000, 1, NULL, '2019-02-26 00:00:00', '2019-02-26 00:00:00'),
(5, 13, 2, 1, 1, 650000, 2, NULL, '2019-02-26 00:00:00', '2019-02-26 00:00:00'),
(6, 14, 3, 13, 1, 1550000, 1, NULL, '2019-02-26 00:00:00', '2019-02-26 00:00:00'),
(7, 14, 3, 4, 2, 200000, 2, NULL, '2019-02-26 00:00:00', '2019-02-26 00:00:00'),
(8, 15, 4, 9, 1, 763000, 1, NULL, '2019-02-26 00:00:00', '2019-02-26 00:00:00'),
(9, 15, 4, 11, 2, 1440000, 1, NULL, '2019-02-26 00:00:00', '2019-02-26 00:00:00'),
(10, 15, 4, 4, 2, 145000, 1, NULL, '2019-02-26 00:00:00', '2019-02-26 00:00:00'),
(11, 16, 5, 87, 1, 90000, 6, NULL, '2019-02-26 00:00:00', '2019-02-26 00:00:00'),
(12, 16, 5, 88, 1, 120000, 4, NULL, '2019-02-26 00:00:00', '2019-02-26 00:00:00'),
(13, 16, 5, 89, 1, 95000, 4, NULL, '2019-02-26 00:00:00', '2019-02-26 00:00:00'),
(14, 16, 5, 90, 1, 95000, 3, NULL, '2019-02-26 00:00:00', '2019-02-26 00:00:00'),
(15, 16, 5, 91, 1, 55000, 10, NULL, '2019-02-26 00:00:00', '2019-02-26 00:00:00'),
(16, 16, 5, 92, 1, 55000, 6, NULL, '2019-02-26 00:00:00', '2019-02-26 00:00:00'),
(17, 16, 5, 93, 1, 450000, 1, NULL, '2019-02-26 00:00:00', '2019-02-26 00:00:00'),
(18, 16, 5, 5, 1, 650000, 1, NULL, '2019-02-26 00:00:00', '2019-02-26 00:00:00'),
(19, 16, 5, 94, 1, 450000, 1, NULL, '2019-02-26 00:00:00', '2019-02-26 00:00:00'),
(20, 16, 5, 35, 1, 300000, 1, NULL, '2019-02-26 00:00:00', '2019-02-26 00:00:00'),
(21, 17, 6, 94, 1, 450000, 1, NULL, '2019-02-26 00:00:00', '2019-02-26 00:00:00'),
(22, 17, 6, 95, 1, 450000, 1, NULL, '2019-02-26 00:00:00', '2019-02-26 00:00:00'),
(23, 17, 6, 2, 1, 650000, 1, NULL, '2019-02-26 00:00:00', '2019-02-26 00:00:00'),
(24, 19, 7, 30, 1, 140000, 10, NULL, '2019-02-26 00:00:00', '2019-02-26 00:00:00'),
(25, 18, 8, 15, 1, 160000, 1, NULL, '2019-02-26 00:00:00', '2019-02-26 00:00:00'),
(26, 18, 8, 16, 1, 150000, 2, NULL, '2019-02-26 00:00:00', '2019-02-26 00:00:00'),
(27, 18, 8, 11, 1, 1500000, 3, NULL, '2019-02-26 00:00:00', '2019-02-26 00:00:00'),
(28, 22, 9, 1, 1, 650000, 1, NULL, '2019-02-26 00:00:00', '2019-02-26 00:00:00'),
(29, 2, 10, 9, 1, 763000, 1, NULL, '2019-02-26 00:00:00', '2019-02-26 00:00:00'),
(30, 2, 10, 11, 1, 1440000, 1, NULL, '2019-02-26 00:00:00', '2019-02-26 00:00:00'),
(31, 2, 10, 8, 1, 848000, 2, NULL, '2019-02-26 00:00:00', '2019-02-26 00:00:00'),
(32, 2, 10, 10, 1, 763000, 1, NULL, '2019-02-26 00:00:00', '2019-02-26 00:00:00'),
(33, 2, 10, 96, 1, 500000, 1, NULL, '2019-02-26 00:00:00', '2019-02-26 00:00:00'),
(34, 2, 10, 32, 1, 220000, 1, NULL, '2019-02-26 00:00:00', '2019-02-26 00:00:00'),
(35, 2, 10, 97, 1, 1100000, 1, NULL, '2019-02-26 00:00:00', '2019-02-26 00:00:00'),
(36, 20, 11, 98, 2, 1000000, 1, NULL, '2019-02-26 00:00:00', '2019-02-26 00:00:00'),
(37, 21, 12, 15, 1, 90000, 11, NULL, '2019-02-26 00:00:00', '2019-02-26 00:00:00'),
(38, 21, 12, 16, 1, 95000, 22, NULL, '2019-02-26 00:00:00', '2019-02-26 00:00:00'),
(39, 21, 12, 31, 1, 555000, 1, NULL, '2019-02-26 00:00:00', '2019-02-26 00:00:00'),
(40, 22, 9, 14, 1, 750000, 1, NULL, '2019-02-26 00:00:00', '2019-02-26 00:00:00'),
(41, 23, 13, 1, 1, 650000, 1, NULL, '2019-02-26 00:00:00', '2019-02-26 00:00:00'),
(42, 23, 13, 13, 1, 1100000, 1, NULL, '2019-02-26 00:00:00', '2019-02-26 00:00:00'),
(43, 23, 13, 27, 1, 0, 1, NULL, '2019-02-26 00:00:00', '2019-02-26 00:00:00'),
(44, 24, 14, 8, 2, 1000000, 1, NULL, '2019-02-26 00:00:00', '2019-02-26 00:00:00'),
(45, 24, 14, 14, 2, 600000, 1, NULL, '2019-02-26 00:00:00', '2019-02-26 00:00:00'),
(46, 24, 14, 4, 2, 200000, 1, NULL, '2019-02-26 00:00:00', '2019-02-26 00:00:00'),
(47, 25, 15, 13, 2, 1450000, 1, NULL, '2019-02-26 00:00:00', '2019-02-26 00:00:00'),
(48, 26, 16, 99, 1, 850000, 1, NULL, '2019-02-26 00:00:00', '2019-02-26 00:00:00'),
(49, 26, 16, 45, 1, 400000, 1, NULL, '2019-02-26 00:00:00', '2019-02-26 00:00:00'),
(50, 26, 16, 26, 1, 1100000, 2, NULL, '2019-02-26 00:00:00', '2019-02-26 00:00:00'),
(51, 26, 16, 69, 1, 600000, 2, NULL, '2019-02-26 00:00:00', '2019-02-26 00:00:00'),
(52, 27, 17, 17, 1, 1000000, 1, NULL, '2019-03-02 00:00:00', '2019-03-02 00:00:00'),
(53, 27, 17, 18, 1, 400000, 2, NULL, '2019-03-02 00:00:00', '2019-03-02 00:00:00'),
(54, 28, 18, 14, 1, 700000, 1, NULL, '2019-03-02 00:00:00', '2019-03-02 00:00:00'),
(55, 29, 19, 19, 1, 650000, 1, NULL, '2019-03-02 00:00:00', '2019-03-02 00:00:00'),
(56, 29, 19, 17, 1, 1050000, 1, NULL, '2019-03-02 00:00:00', '2019-03-02 00:00:00'),
(57, 29, 19, 100, 1, 200000, 2, NULL, '2019-03-02 00:00:00', '2019-03-02 00:00:00'),
(58, 15, 20, 14, 2, 700000, 1, NULL, '2019-03-02 00:00:00', '2019-03-02 00:00:00'),
(59, 31, 21, 62, 1, 800000, 1, NULL, '2019-03-02 00:00:00', '2019-03-02 00:00:00'),
(60, 25, 22, 2, 2, 550000, 1, NULL, '2019-03-02 00:00:00', '2019-03-02 00:00:00'),
(61, 25, 22, 20, 2, 200000, 1, NULL, '2019-03-02 00:00:00', '2019-03-02 00:00:00'),
(62, 25, 22, 14, 2, 600000, 1, NULL, '2019-03-02 00:00:00', '2019-03-02 00:00:00'),
(63, 25, 22, 45, 1, 450000, 1, NULL, '2019-03-02 00:00:00', '2019-03-02 00:00:00'),
(64, 25, 22, 17, 1, 950000, 1, NULL, '2019-03-02 00:00:00', '2019-03-02 00:00:00'),
(65, 26, 23, 45, 1, 450000, 1, NULL, '2019-03-02 00:00:00', '2019-03-02 00:00:00'),
(66, 26, 23, 26, 1, 1100000, 2, NULL, '2019-03-02 00:00:00', '2019-03-02 00:00:00'),
(67, 26, 23, 69, 1, 600000, 1, NULL, '2019-03-02 00:00:00', '2019-03-02 00:00:00'),
(68, 34, 24, 101, 1, 450000, 1, NULL, '2019-03-02 00:00:00', '2019-03-02 00:00:00'),
(69, 23, 25, 64, 1, 700000, 1, NULL, '2019-03-02 00:00:00', '2019-04-20 00:33:50'),
(70, 35, 26, 37, 1, 300000, 1, NULL, '2019-03-19 00:00:00', '2019-03-19 00:00:00'),
(71, 35, 26, 33, 1, 550000, 1, NULL, '2019-03-19 00:00:00', '2019-03-19 00:00:00'),
(72, 16, 27, 36, 2, 300000, 1, NULL, '2019-03-19 00:00:00', '2019-03-19 00:00:00'),
(73, 37, 28, 102, 1, 270000, 2, NULL, '2019-03-19 00:00:00', '2019-03-19 00:00:00'),
(74, 24, 29, 34, 2, 600000, 2, NULL, '2019-03-19 00:00:00', '2019-03-19 00:00:00'),
(75, 24, 29, 39, 1, 1150000, 1, NULL, '2019-03-19 00:00:00', '2019-03-19 00:00:00'),
(76, 39, 30, 34, 1, 600000, 1, NULL, '2019-03-19 00:00:00', '2019-03-19 00:00:00'),
(77, 40, 31, 26, 2, 1300000, 1, NULL, '2019-03-19 00:00:00', '2019-03-19 00:00:00'),
(78, 40, 31, 14, 1, 750000, 1, NULL, '2019-03-19 00:00:00', '2019-03-19 00:00:00'),
(79, 26, 32, 27, 1, 0, 1, NULL, '2019-03-19 00:00:00', '2019-03-19 00:00:00'),
(80, 12, 33, 27, 1, 0, 1, NULL, '2019-03-19 00:00:00', '2019-03-19 00:00:00'),
(81, 25, 34, 13, 1, 1500000, 1, NULL, '2019-03-19 00:00:00', '2019-03-19 00:00:00'),
(82, 15, 35, 103, 1, 900000, 1, NULL, '2019-03-22 00:00:00', '2019-04-20 01:00:11'),
(83, 42, 36, 104, 1, 0, 1, NULL, '2019-03-22 00:00:00', '2019-03-22 00:00:00'),
(84, 43, 37, 104, 1, 0, 1, NULL, '2019-03-22 00:00:00', '2019-03-22 00:00:00'),
(85, 24, 38, 105, 2, 0, 1, NULL, '2019-03-22 00:00:00', '2019-03-22 00:00:00'),
(86, 41, 39, 106, 1, 450000, 1, NULL, '2019-03-22 00:00:00', '2019-03-22 00:00:00'),
(87, 33, 40, 107, 1, 185000, 2, NULL, '2019-03-22 00:00:00', '2019-03-22 00:00:00'),
(88, 25, 41, 108, 1, 80000, 3, NULL, '2019-03-22 00:00:00', '2019-03-22 00:00:00'),
(89, 25, 41, 20, 2, 200000, 3, NULL, '2019-03-22 00:00:00', '2019-03-22 00:00:00'),
(90, 20, 42, 42, 1, 1850000, 1, NULL, '2019-03-22 00:00:00', '2019-03-22 00:00:00'),
(91, 20, 42, 103, 1, 1500000, 1, NULL, '2019-03-22 00:00:00', '2019-03-22 00:00:00'),
(92, 32, 43, 42, 1, 1850000, 1, NULL, '2019-03-22 00:00:00', '2019-04-20 01:02:35'),
(93, 30, 44, 42, 1, 0, 1, NULL, '2019-03-22 00:00:00', '2019-03-22 00:00:00'),
(94, 38, 45, 63, 1, 700000, 1, NULL, '2019-03-22 00:00:00', '2019-03-22 00:00:00'),
(95, 17, 46, 38, 1, 550000, 1, NULL, '2019-03-22 00:00:00', '2019-03-22 00:00:00'),
(96, 44, 47, 38, 1, 550000, 1, NULL, '2019-03-22 00:00:00', '2019-03-22 00:00:00'),
(97, 44, 47, 40, 1, 550000, 1, NULL, '2019-03-22 00:00:00', '2019-03-22 00:00:00'),
(98, 44, 47, 34, 1, 550000, 1, NULL, '2019-03-22 00:00:00', '2019-03-22 00:00:00'),
(99, 43, 37, 34, 1, 0, 1, NULL, '2019-03-22 00:00:00', '2019-03-22 00:00:00'),
(100, 45, 48, 109, 1, 0, 1, NULL, '2019-03-22 00:00:00', '2019-03-22 00:00:00'),
(101, 45, 48, 110, 1, 0, 1, NULL, '2019-03-22 00:00:00', '2019-03-22 00:00:00'),
(102, 45, 48, 32, 1, 0, 1, NULL, '2019-03-22 00:00:00', '2019-03-22 00:00:00'),
(103, 45, 48, 70, 1, 0, 1, NULL, '2019-03-22 00:00:00', '2019-03-22 00:00:00'),
(104, 24, 49, 32, 1, 0, 1, NULL, '2019-03-22 00:00:00', '2019-03-22 00:00:00'),
(105, 46, 50, 43, 1, 650000, 1, NULL, '2019-03-29 00:00:00', '2019-03-29 00:00:00'),
(106, 47, 51, 48, 1, 300000, 1, NULL, '2019-03-29 00:00:00', '2019-03-29 00:00:00'),
(107, 48, 52, 66, 1, 140000, 3, NULL, '2019-03-29 00:00:00', '2019-04-11 16:11:46'),
(108, 49, 53, 113, 1, 800000, 1, NULL, '2019-03-29 00:00:00', '2019-03-29 00:00:00'),
(109, 24, 54, 48, 1, 250000, 1, NULL, '2019-03-29 00:00:00', '2019-03-29 00:00:00'),
(110, 24, 54, 38, 1, 520000, 1, NULL, '2019-03-29 00:00:00', '2019-03-29 00:00:00'),
(111, 24, 54, 34, 1, 550000, 1, NULL, '2019-03-29 00:00:00', '2019-03-29 00:00:00'),
(112, 24, 54, 44, 1, 270000, 1, NULL, '2019-03-29 00:00:00', '2019-03-29 00:00:00'),
(113, 10, 55, 65, 1, 120000, 1, NULL, '2019-03-29 00:00:00', '2019-03-29 00:00:00'),
(114, 10, 55, 25, 1, 350000, 1, NULL, '2019-03-29 00:00:00', '2019-03-29 00:00:00'),
(115, 10, 55, 47, 1, 600000, 1, NULL, '2019-03-29 00:00:00', '2019-03-29 00:00:00'),
(116, 12, 56, 38, 1, 570000, 1, NULL, '2019-03-29 00:00:00', '2019-03-29 00:00:00'),
(117, 12, 56, 51, 1, 350000, 1, NULL, '2019-03-29 00:00:00', '2019-03-29 00:00:00'),
(118, 50, 57, 56, 1, 320000, 2, NULL, '2019-03-29 00:00:00', '2019-03-29 00:00:00'),
(119, 51, 58, 65, 1, 140000, 1, NULL, '2019-03-29 00:00:00', '2019-03-29 00:00:00'),
(120, 52, 59, 71, 1, 220000, 1, NULL, '2019-03-29 00:00:00', '2019-03-29 00:00:00'),
(121, 52, 59, 53, 1, 650000, 1, NULL, '2019-03-29 00:00:00', '2019-03-29 00:00:00'),
(122, 8, 60, 34, 1, 600000, 1, NULL, '2019-04-11 15:57:07', '2019-04-11 15:57:07'),
(123, 8, 60, 25, 1, 350000, 1, NULL, '2019-04-11 15:57:07', '2019-04-11 15:57:07'),
(124, 8, 61, 82, 1, 3750000, 1, NULL, '2019-04-14 00:00:31', '2019-04-14 00:00:31'),
(125, 8, 61, 77, 1, 4150000, 1, NULL, '2019-04-14 00:00:31', '2019-04-14 00:00:31'),
(126, 9, 62, 77, 1, 4150000, 1, NULL, '2019-04-14 00:02:41', '2019-04-14 00:02:41'),
(127, 10, 63, 76, 1, 2750000, 1, NULL, '2019-04-14 00:06:36', '2019-04-14 00:06:36'),
(128, 10, 63, 72, 1, 2900000, 1, NULL, '2019-04-14 00:06:36', '2019-04-14 00:06:36'),
(129, 10, 63, 80, 1, 1500000, 1, NULL, '2019-04-14 00:06:36', '2019-04-14 00:06:36'),
(130, 11, 64, 18, 1, 350000, 1, NULL, '2019-04-14 00:11:25', '2019-04-17 13:09:43'),
(131, 11, 64, 144, 1, 200000, 1, NULL, '2019-04-14 00:11:25', '2019-04-17 13:09:43'),
(132, 18, 65, 145, 1, 300000, 1, NULL, '2019-04-14 00:13:32', '2019-04-14 00:13:32'),
(133, 54, 66, 146, 1, 400000, 1, NULL, '2019-04-14 00:15:18', '2019-04-14 00:15:18'),
(134, 14, 67, 145, 1, 300000, 3, NULL, '2019-04-14 00:19:29', '2019-04-14 00:19:29'),
(135, 14, 67, 147, 1, 630000, 1, NULL, '2019-04-14 00:19:29', '2019-04-14 00:19:29'),
(136, 55, 68, 148, 1, 150000, 1, NULL, '2019-04-14 00:21:24', '2019-04-14 00:21:24'),
(137, 24, 69, 39, 1, 1150000, 1, NULL, '2019-04-14 00:22:28', '2019-04-14 00:22:28'),
(138, 56, 70, 135, 1, 40000, 3, NULL, '2019-04-14 00:49:53', '2019-04-14 00:49:53'),
(139, 15, 71, 39, 1, 1000000, 1, NULL, '2019-04-14 00:50:30', '2019-04-14 00:50:30'),
(140, 57, 72, 149, 1, 550000, 1, NULL, '2019-04-14 00:52:09', '2019-04-14 00:52:09'),
(141, 11, 73, 150, 1, 350000, 1, NULL, '2019-04-14 01:42:35', '2019-04-14 01:42:35'),
(142, 8, 74, 152, 1, 280000, 1, NULL, '2019-04-14 01:43:21', '2019-04-14 22:25:59'),
(143, 8, 74, 151, 1, 120000, 1, NULL, '2019-04-14 01:43:21', '2019-04-14 22:25:59'),
(144, 58, 75, 121, 1, 190000, 2, NULL, '2019-04-14 01:46:44', '2019-04-14 01:46:44'),
(145, 24, 76, 44, 1, 270000, 1, NULL, '2019-04-14 01:48:29', '2019-04-14 01:48:29'),
(146, 24, 76, 152, 1, 230000, 1, NULL, '2019-04-14 01:48:29', '2019-04-14 01:48:29'),
(147, 59, 77, 120, 1, 950000, 1, NULL, '2019-04-14 01:49:57', '2019-04-16 15:04:16'),
(148, 59, 77, 119, 1, 400000, 1, NULL, '2019-04-14 01:49:57', '2019-04-16 15:04:16'),
(149, 52, 78, 153, 1, 30000, 5, NULL, '2019-04-14 01:59:19', '2019-04-14 11:14:01'),
(150, 52, 78, 117, 1, 370000, 1, NULL, '2019-04-14 01:59:19', '2019-04-14 11:14:02'),
(151, 25, 79, 141, 1, 290000, 1, NULL, '2019-04-14 02:04:26', '2019-04-14 02:04:26'),
(152, 25, 79, 140, 1, 114000, 1, NULL, '2019-04-14 02:04:26', '2019-04-14 02:04:26'),
(153, 25, 79, 154, 1, 300000, 1, NULL, '2019-04-14 02:04:26', '2019-04-14 02:04:26'),
(154, 52, 78, 47, 1, 730000, 1, NULL, '2019-04-14 02:05:26', '2019-04-14 11:14:02'),
(155, 45, 80, 18, 1, 350000, 1, NULL, '2019-04-14 02:06:28', '2019-04-14 02:06:28'),
(156, 45, 80, 71, 1, 220000, 1, NULL, '2019-04-14 02:06:28', '2019-04-14 02:06:28'),
(157, 45, 80, 138, 1, 150000, 1, NULL, '2019-04-14 02:06:28', '2019-04-14 02:06:28'),
(158, 45, 80, 139, 1, 150000, 1, NULL, '2019-04-14 02:06:28', '2019-04-14 02:06:28'),
(159, 33, 81, 114, 1, 380000, 5, NULL, '2019-04-14 02:14:54', '2019-04-14 11:17:52'),
(160, 33, 81, 155, 1, 350000, 6, NULL, '2019-04-14 02:14:54', '2019-04-14 11:17:52'),
(161, 33, 81, 116, 1, 670000, 1, NULL, '2019-04-14 02:14:54', '2019-04-14 11:17:52'),
(162, 33, 81, 120, 1, 980000, 1, NULL, '2019-04-14 02:14:54', '2019-04-14 11:17:52'),
(163, 33, 81, 115, 1, 1110000, 1, NULL, '2019-04-14 02:14:54', '2019-04-14 11:17:52'),
(164, 33, 81, 119, 1, 470000, 1, NULL, '2019-04-14 02:14:54', '2019-04-14 11:17:52'),
(165, 33, 81, 134, 1, 40000, 1, NULL, '2019-04-14 02:14:54', '2019-04-14 11:17:52'),
(166, 33, 81, 142, 1, 40000, 1, NULL, '2019-04-14 02:14:54', '2019-04-14 11:17:52'),
(167, 33, 81, 143, 1, 40000, 1, NULL, '2019-04-14 02:14:54', '2019-04-14 11:17:52'),
(168, 33, 81, 136, 1, 40000, 1, NULL, '2019-04-14 02:14:54', '2019-04-14 11:17:52'),
(169, 33, 81, 130, 1, 40000, 2, NULL, '2019-04-14 02:14:54', '2019-04-14 11:17:52'),
(170, 33, 81, 132, 1, 40000, 2, NULL, '2019-04-14 02:14:54', '2019-04-14 11:17:52'),
(171, 33, 81, 128, 1, 40000, 1, NULL, '2019-04-14 02:14:54', '2019-04-14 11:17:52'),
(172, 33, 81, 131, 1, 40000, 1, NULL, '2019-04-14 02:14:54', '2019-04-14 11:17:52'),
(173, 52, 78, 118, 1, 445000, 1, NULL, '2019-04-14 11:14:02', '2019-04-14 11:14:02'),
(174, 33, 81, 118, 1, 570000, 1, NULL, '2019-04-14 11:17:53', '2019-04-14 11:17:53'),
(175, 8, 74, 53, 1, 650000, 1, NULL, '2019-04-14 22:25:59', '2019-04-14 22:25:59'),
(176, 61, 82, 51, 1, 350000, 1, NULL, '2019-04-16 10:18:24', '2019-04-16 15:58:10'),
(177, 61, 83, 6, 2, 650000, 1, NULL, '2019-04-16 10:21:42', '2019-04-16 10:21:56'),
(178, 61, 83, 51, 2, 350000, 1, NULL, '2019-04-16 10:21:42', '2019-04-16 10:21:56'),
(179, 59, 77, 50, 1, 260000, 1, NULL, '2019-04-16 15:04:16', '2019-04-16 15:04:16'),
(180, 51, 84, 134, 1, 40000, 1, NULL, '2019-04-16 17:43:14', '2019-04-16 17:43:14'),
(181, 51, 84, 135, 1, 40000, 1, NULL, '2019-04-16 17:43:14', '2019-04-16 17:43:14'),
(182, 51, 84, 156, 1, 50000, 1, NULL, '2019-04-16 17:43:14', '2019-04-16 17:43:14'),
(183, 51, 84, 128, 1, 45000, 1, NULL, '2019-04-16 17:43:14', '2019-04-16 17:43:14'),
(184, 11, 64, 84, 1, 270000, 1, NULL, '2019-04-17 13:09:43', '2019-04-17 13:09:43'),
(185, 64, 85, 38, 1, 520000, 1, NULL, '2019-04-20 01:10:13', '2019-04-20 01:10:13'),
(186, 64, 85, 33, 1, 550000, 1, NULL, '2019-04-20 01:10:13', '2019-04-20 01:10:13'),
(187, 45, 86, 109, 1, 300000, 3, NULL, '2019-04-20 01:14:11', '2019-04-21 10:06:48'),
(188, 45, 86, 110, 1, 320000, 2, NULL, '2019-04-20 01:14:11', '2019-04-21 10:06:48'),
(189, 33, 87, 109, 1, 300000, 1, NULL, '2019-04-20 01:15:16', '2019-04-20 01:15:16'),
(190, 33, 87, 110, 1, 320000, 1, NULL, '2019-04-20 01:15:16', '2019-04-20 01:15:16'),
(191, 33, 87, 159, 1, 550000, 1, NULL, '2019-04-20 01:15:16', '2019-04-20 01:15:16'),
(192, 59, 88, 109, 1, 270000, 2, NULL, '2019-04-20 01:16:51', '2019-04-20 01:16:51'),
(193, 59, 88, 110, 1, 290000, 2, NULL, '2019-04-20 01:16:51', '2019-04-20 01:16:51'),
(194, 59, 88, 50, 1, 220000, 1, NULL, '2019-04-20 01:16:51', '2019-04-20 01:16:51'),
(195, 8, 89, 119, 1, 420000, 1, NULL, '2019-04-20 01:17:44', '2019-04-21 00:39:17'),
(196, 8, 89, 158, 1, 160000, 1, NULL, '2019-04-20 01:17:44', '2019-04-21 00:39:17'),
(197, 25, 90, 17, 1, 950000, 1, NULL, '2019-04-20 01:18:12', '2019-04-21 00:39:51'),
(198, 65, 91, 46, 1, 600000, 1, NULL, '2019-04-20 01:20:16', '2019-04-20 01:20:16'),
(199, 65, 91, 47, 1, 730000, 2, NULL, '2019-04-20 01:20:16', '2019-04-20 01:20:16'),
(200, 66, 92, 161, 1, 295000, 4, NULL, '2019-04-20 01:26:07', '2019-04-21 00:29:33'),
(201, 11, 93, 162, 1, 390000, 1, NULL, '2019-04-20 01:26:42', '2019-04-21 00:40:40'),
(202, 66, 94, 161, 1, 310000, 1, NULL, '2019-04-21 00:30:38', '2019-04-21 00:30:38'),
(203, 8, 89, 163, 1, 420000, 1, NULL, '2019-04-21 00:39:17', '2019-04-21 00:39:17'),
(204, 25, 90, 13, 1, 1350000, 1, NULL, '2019-04-21 00:39:51', '2019-04-21 00:39:51'),
(205, 11, 93, 161, 1, 260000, 1, NULL, '2019-04-21 00:40:40', '2019-04-21 00:40:40'),
(206, 55, 95, 161, 1, 200000, 1, NULL, '2019-04-21 00:41:29', '2019-04-21 00:41:29'),
(207, 24, 96, 13, 1, 1350000, 1, NULL, '2019-04-21 00:43:23', '2019-04-21 00:43:23'),
(208, 29, 97, 160, 1, 60000, 5, NULL, '2019-04-21 00:45:16', '2019-04-21 00:45:16');

-- --------------------------------------------------------

--
-- テーブルの構造 `other_costs`
--

CREATE TABLE `other_costs` (
  `id` int(10) UNSIGNED NOT NULL,
  `transport_id` int(10) UNSIGNED NOT NULL,
  `name` varchar(125) COLLATE utf8mb4_unicode_ci NOT NULL,
  `price` bigint(20) UNSIGNED NOT NULL DEFAULT '0',
  `remarks` varchar(400) COLLATE utf8mb4_unicode_ci DEFAULT NULL,
  `disabled` tinyint(1) NOT NULL DEFAULT '0',
  `created` datetime NOT NULL,
  `updated` datetime NOT NULL
) ENGINE=InnoDB DEFAULT CHARSET=utf8mb4 COLLATE=utf8mb4_unicode_ci;

--
-- テーブルのデータのダンプ `other_costs`
--

INSERT INTO `other_costs` (`id`, `transport_id`, `name`, `price`, `remarks`, `disabled`, `created`, `updated`) VALUES
(1, 3, 'Saitama -> Fukuoka', 408000, 'rate 208', 0, '2019-04-10 17:25:22', '2019-04-16 16:49:27'),
(2, 4, 'Saitama -> Fukuoka', 408000, 'rate 208', 0, '2019-04-11 01:26:03', '2019-04-20 01:02:42'),
(3, 5, 'Saitama -> Fukuoka', 408000, 'rate 208', 0, '2019-04-11 10:58:00', '2019-04-16 16:34:03'),
(4, 6, 'Saitama -> Fukuoka', 408000, 'rate 208', 0, '2019-04-14 00:55:36', '2019-04-22 11:52:40'),
(5, 7, 'Saitama -> Fukuoka', 457000, 'rate 208', 0, '2019-04-14 02:24:09', '2019-04-22 11:58:00'),
(6, 7, 'HN -> SG', 350000, '', 0, '2019-04-14 22:31:20', '2019-04-22 11:58:00'),
(7, 8, 'saitama - kumanocho', 317000, 'rate 207', 0, '2019-04-21 12:27:43', '2019-04-22 11:58:45');

-- --------------------------------------------------------

--
-- テーブルの構造 `permissions`
--

CREATE TABLE `permissions` (
  `id` int(10) UNSIGNED NOT NULL,
  `role_id` int(1) UNSIGNED NOT NULL,
  `resource` varchar(32) COLLATE utf8mb4_unicode_ci NOT NULL,
  `action` varchar(32) COLLATE utf8mb4_unicode_ci NOT NULL
) ENGINE=InnoDB DEFAULT CHARSET=utf8mb4 COLLATE=utf8mb4_unicode_ci;

--
-- テーブルのデータのダンプ `permissions`
--

INSERT INTO `permissions` (`id`, `role_id`, `resource`, `action`) VALUES
(1, 1, '*', '*'),
(2, 2, '*', '*'),
(3, 3, '*', '*'),
(4, 4, '*', '*');

-- --------------------------------------------------------

--
-- テーブルの構造 `products`
--

CREATE TABLE `products` (
  `id` int(10) UNSIGNED NOT NULL,
  `user_id` int(10) UNSIGNED NOT NULL,
  `name` varchar(125) COLLATE utf8mb4_unicode_ci NOT NULL,
  `size` varchar(255) COLLATE utf8mb4_unicode_ci DEFAULT NULL,
  `unit` varchar(255) COLLATE utf8mb4_unicode_ci DEFAULT NULL,
  `price` float UNSIGNED NOT NULL DEFAULT '0',
  `wholesale_price` float UNSIGNED NOT NULL DEFAULT '0',
  `purchase_price` float UNSIGNED NOT NULL DEFAULT '0',
  `quantity` smallint(5) UNSIGNED NOT NULL DEFAULT '0',
  `image` varchar(255) COLLATE utf8mb4_unicode_ci DEFAULT NULL,
  `category_id` tinyint(3) UNSIGNED DEFAULT NULL COMMENT 'type of good',
  `brand_id` smallint(5) UNSIGNED DEFAULT NULL COMMENT 'branchname of goods',
  `remarks` text COLLATE utf8mb4_unicode_ci,
  `disabled` tinyint(1) NOT NULL DEFAULT '0',
  `created` datetime NOT NULL,
  `updated` datetime NOT NULL
) ENGINE=InnoDB DEFAULT CHARSET=utf8mb4 COLLATE=utf8mb4_unicode_ci;

--
-- テーブルのデータのダンプ `products`
--

INSERT INTO `products` (`id`, `user_id`, `name`, `size`, `unit`, `price`, `wholesale_price`, `purchase_price`, `quantity`, `image`, `category_id`, `brand_id`, `remarks`, `disabled`, `created`, `updated`) VALUES
(1, 1, 'The Shiseido Collagen Powder V', '126g', '', 650000, 550000, 1618, 9, 'shiseido-collagen-powder.jpg', 7, 7, '', 0, '2019-03-20 12:18:22', '2019-04-22 16:43:31'),
(2, 1, 'Slim Up Slim Berry Yogurt (Strawberry)', '300g', '', 650000, 550000, 1358, 6, 'ASAHI_Slim_Up_Slim_Meal_Replacement_Mixberry.jpg', 9, 8, 'dâu', 0, '2019-03-20 13:03:13', '2019-04-22 16:43:31'),
(3, 1, 'Slim Up Slim Mango', '300g', '', 650000, 550000, 1358, 1, 'ASAHI_Slim_Up_Slim_Meal_Replacement_Mango.jpg', 9, 8, 'xoài', 0, '2019-03-20 13:06:09', '2019-04-22 16:43:31'),
(4, 1, 'Aneron 9 cap', '9 viên', '', 250000, 200000, 612, 13, 'aneron_9.jpg', 10, 5, 'Thuốc chống say xe', 0, '2019-03-20 13:09:54', '2019-04-22 16:43:31'),
(5, 1, 'Slim Up Slim Mix Berry Latte', '315g', '', 650000, 550000, 1358, 7, 'ASAHI_Slim_Up_Slim_Meal_Replacement_Mix_Berry_Latte.jpg', 9, 8, 'mix nhiều loại trái berry', 0, '2019-03-20 14:02:57', '2019-04-22 16:43:31'),
(6, 1, 'Slim Up Slim Matcha Latte', '315g', '', 650000, 550000, 0, 0, 'ASAHI_Slim_Up_Slim_Meal_Replacement_Matcha_Latte.jpg', 9, 8, 'Trà xanh', 0, '2019-03-20 14:09:32', '2019-04-16 10:21:42'),
(7, 1, 'Slim Up Slim Cafe Latte', '360g', '', 650000, 550000, 0, 3, 'slimup-cafe-lattte-takatanpaku.jpg', 9, 8, '', 0, '2019-03-20 14:11:01', '2019-04-15 11:38:16'),
(8, 1, 'Transino Whitening Repair Cream 35g', '35g', 'hộp', 1100000, 1000000, 3778, 4, 'transino_whitening_repair_cream.jpg', 7, 6, 'Kem đêm\r\nトランシーノ薬用ホワイトニングリペアクリーム　（夜用美白クリーム）', 0, '2019-03-20 14:55:04', '2019-04-22 16:43:31'),
(9, 1, 'Transino Whitening Day Protector SPF35 PA+++ 40ml', '40ml', 'chai', 850000, 800000, 3130, 0, 'transino_whitening_day_protector_SPF35_PA+++.jpg', 7, 6, 'chống nắng Transino\r\nトランシーノ薬用ホワイトニングデイプロテクター（日中用乳液）（40ml）［日焼け止め］', 0, '2019-03-20 14:56:21', '2019-04-22 16:43:31'),
(10, 1, 'Transino Whitening Clear Lotion 175ml', '175ml', 'hộp', 950000, 850000, 3480, 3, 'transino_whitening_clear_lotion.jpg', 7, 6, 'nước hoa hồng\r\nトランシーノ薬用ホワイトニングクリアローション　（美白化粧水）　175ml', 0, '2019-03-20 15:07:03', '2019-04-22 16:43:31'),
(11, 1, 'Transino Whitening Esscence EX 50g', '50g', 'tuýp', 1450000, 1350000, 5378, 2, 'transino_whitening_essence_ex.jpg', 7, 6, 'Serum\r\nトランシーノ薬用 ホワイトニングエッセンス ＥＸ 50g', 0, '2019-03-20 15:12:15', '2019-04-22 16:43:31'),
(12, 1, 'Transino Whitening Clear Milk 120ml', '120ml', 'tuýp', 1000000, 900000, 0, 0, 'transino_whitening_clear_milk.jpg', 7, 6, 'Sữa dưỡng\r\nトランシーノ薬用ホワイトニングクリアミルク　120ml', 0, '2019-03-20 15:19:49', '2019-04-18 10:33:53'),
(13, 1, 'Transino ii 240', '240viên', 'hộp', 1450000, 1350000, 5807, 3, 'transino_ii_240.jpg', 10, 6, 'thuốc trị nám, tàn nhang\r\nトランシーノII　240錠\r\nトランシーノ 錠剤 しみ そばかす', 0, '2019-03-20 15:53:27', '2019-04-22 16:43:31'),
(14, 1, 'Transino WhiteC Clear 120 tablets', '120 viên', 'hộp', 680000, 600000, 2260, 11, 'transino_whiteC_clear.jpg', 10, 6, 'thuốc trắng da, trị nám\r\ntrang da\r\nトランシーノ　ホワイトCクリア　120錠 ', 0, '2019-03-20 16:00:17', '2019-04-22 16:43:31'),
(15, 1, 'DHC Vitamin C 60 Days (120 Tablets)', '120 viên', 'bịch', 190000, 150000, 335, 0, 'dhc_vitamin_C_60days.jpg', 10, 9, 'DHC ビタミンC ハードカプセル 60日(120粒)', 0, '2019-03-20 16:36:23', '2019-04-22 16:43:31'),
(16, 1, 'DHC Hatomugi 20 Days (20 Tablets)', '20 viên', 'bịch', 150000, 120000, 363, 0, 'dhc_hatomugi_20days.jpg', 10, 9, 'trắng da\r\nＤＨＣ はとむぎエキス ２０日分 ２０粒入', 0, '2019-03-20 16:50:58', '2019-04-22 16:43:31'),
(17, 1, 'Inclear 1.7g×10', '10', 'cây', 1050000, 950000, 2651, 0, 'inclear_vaginal_cleaner_10.jpg', 10, 0, 'Inclear - Vaginal Cleaner\r\n', 0, '2019-03-20 16:58:46', '2019-04-22 16:43:31'),
(18, 1, 'Attonon EX Gel 15g', '15 g', 'tuýp', 400000, 350000, 658, 1, 'attonon_ex_gel_15g.jpg', 11, 10, 'Gel liền xẹo\r\nGel lien xeo\r\nGel lien theo\r\nアットノンEX ジェル 15g ', 0, '2019-03-20 17:12:07', '2019-04-22 16:43:31'),
(19, 1, 'Slim Up Slim Kiwi 300g', '300 g', 'bịch', 650000, 550000, 1358, 2, 'ASAHI_Slim_Up_Slim_Meal_Replacement_Kiwi.jpg', 9, 8, 'スリムアップスリム　ベジフルチャージスムージー　300g ', 0, '2019-03-20 17:22:41', '2019-04-22 16:43:31'),
(20, 1, 'iSDG Diet Beauty 121 (pink) 30 days (60 tablets)', '60 viên', 'bịch', 350000, 300000, 540, 3, 'iSDG_diet_beauty_121_pink.jpg', 9, 11, 'giảm cân', 0, '2019-03-20 17:37:06', '2019-04-22 16:43:31'),
(21, 1, 'iSDG Diet 121 (blue) 30 days (60 tablets)', '60 viên', 'bịch', 350000, 300000, 540, 4, 'iSDG_diet_beauty_121_blue.jpg', 9, 11, 'giảm cân', 0, '2019-03-20 17:52:35', '2019-04-22 16:43:31'),
(22, 1, 'iSDG Diet Hot 121 (red) 30 days (60 tablets)', '60 viên', 'bịch', 350000, 300000, 540, 6, 'iSDG_diet_beauty_121_red.jpg', 9, 11, 'giảm cân', 0, '2019-03-20 17:57:26', '2019-04-22 16:43:31'),
(23, 1, '232 Diet Enzyme Premium (120 tablets) (green)', '120 viên', 'bịch', 750000, 680000, 1922, 5, 'iSDG_diet_green_232.jpg', 9, 11, 'giảm cân\r\n232ダイエット酵素プレミアム（120粒）\r\n🍀🍀🍀🍀🍀Công dụng của viên uống giảm cân thực vật lên men Enzyme Diet Premium nhật bản\r\nViên uống giảm cân thực vật lên men enzyme diet premium nhật bản được chiết xuất từ hơn 232 loại rau củ quả tự nhiên lên men giúp đốt cháy mỡ thừa tốt nhất, giúp bạn trở lại dáng thon gọn. \r\n👉Với Enzyme diet Premium không những giúp bạn giảm cân hiệu quả mà còn làm cho bạn khỏe, trẻ đẹp ra với công dụng như sau:\r\n\r\n-👉Viên uống giảm cân Enzyme Diet Premium Nhật Bản hỗ trợ đào thải mỡ, đốt cháy mỡ thừa trong cơ thể giúp giảm cân\r\n\r\n- 👉Enzyme Diet Premium Nhật Bản bổ sung chất xúc tác để phân giải hết năng lượng trong cơ thể để tránh tích tụ mỡ.\r\n\r\n- 👉Viên giảm cân Enzyme Diet Premium thanh lọc cơ thể, tăng sức đề kháng phòng ngừa bệnh\r\n\r\n- 👉Enzyme rất cần thiết cho các hoạt động trao đổi chất trong tế bào khi tuổi càng cao thì Enzyme càng giảm vì vậy hoạt động trao đổi chất cũng giảm theo nên đó cũng là nguyên nhân bạn ăn ít hơn lúc còn trẻ mà tại sao ngày càng mập ra, vì thế cần bổ sung enzyme từ bên ngoài.\r\n\r\n🍀🍀🍀Viên uống giảm cân Enzyme Diet Premium còn được bổ sung thêm men Koubo và Koji tự nhiên từ ngũ cốc giúp phân giải đường để tạo năng lượng cho cơ thể hoạt động khỏe mạnh.\r\n🥰🥰Ngày 2 lần mỗi lần 2 viên viên uống giảm cân thực vật lên men Enzyme Diet Premium Nhật Bản vào buổi sáng hoặc tối, uống trước bữa ăn 30 phút.', 0, '2019-03-20 18:03:16', '2019-04-22 16:43:31'),
(24, 1, 'WHITE CONC Watery Cream II 90g', '90 g', 'chai', 350000, 300000, 1049, 1, 'white_conc_body_gel.jpg', 16, 52, '薬用ホワイトコンク　ウォータリークリームII　90g\r\nKem dưỡng trắng da\r\nKem duong trang da', 0, '2019-03-20 18:11:27', '2019-04-22 16:43:31'),
(25, 1, 'WHITE CONC Body Sampoo CII 360ml', '360 ml', 'chai', 400000, 350000, 0, 0, 'white_conc_body_sampoo.jpg', 16, 52, '薬用ホワイトコンク　ボディシャンプーCII　360ml', 0, '2019-03-20 18:18:17', '2019-04-15 16:53:48'),
(26, 1, 'Pueraria Mirifica 99EX (66 tablets)', '66 viên', 'hộp', 1300000, 1150000, 3024, 2, 'pueraria_mirifica_99_ex.jpg', 10, 0, 'プエラリア99EX（66粒）', 0, '2019-03-20 18:31:07', '2019-04-22 16:43:31'),
(27, 1, 'Botanical Oil Hair Treatment 100ml', '100 ml', 'chai', 500000, 400000, 540, 8, 'botanical_hair_oil.jpg', 7, 12, 'dưỡng tóc botanical\r\nArgan Serum Vitamin Not washed type 100ml.', 0, '2019-03-22 10:48:08', '2019-04-22 16:43:31'),
(28, 1, 'Botanical Honey Oil Hair Treatment 100ml', '100 ml', 'chai', 0, 0, 0, 0, 'botanical_honey_hair_oil.jpg', 7, 12, 'dưỡng tóc botanical\r\nArgan Serum Vitamin Not washed type 100ml.', 1, '2019-03-22 10:51:47', '2019-04-16 15:25:37'),
(29, 1, 'Plant Liquid Capsule 350 (60 capsules)', '350 viên', 'bịch', 350000, 300000, 540, 4, 'plant_liquid_capsule_350.jpg', 8, 0, '', 0, '2019-03-22 11:05:08', '2019-04-22 16:43:31'),
(30, 1, 'SANTEN FX Neo Eye Drop 12ml', '12 ml', 'chai', 140000, 110000, 298, 0, 'santen_fx_neo_black_12ml.jpg', 13, 13, '', 0, '2019-03-22 12:19:04', '2019-04-22 16:43:31'),
(31, 1, 'DHC Hyaluronic Acid 60 Days (120 Tablets)', '120 viên', 'bịch', 555000, 0, 2580, 0, 'dhc_axit_hiaruron_60days.jpg', 10, 9, 'viên cấp nước\r\nDHC ヒアルロン酸 60日分 120粒', 0, '2019-03-22 12:40:30', '2019-04-22 16:43:31'),
(32, 1, 'Mentholatum Medical Lip 8.5g', '8.5 g', 'tuýp', 300000, 270000, 849, 5, 'mentholatum_medicare_lip.jpg', 11, 14, 'Trị lở miệng Rohto\r\nロート製薬 メンソレータム メディカルリップnc (8.5g) 口唇炎・口角炎治療薬\r\ntri lo mieng rohto', 0, '2019-03-22 13:18:54', '2019-04-22 16:43:31'),
(33, 1, 'Anessa Whitening UV Gel SPF 50+ PA++++ 90g', '90 g', 'tuýp', 600000, 550000, 2138, 0, 'anessa_white.png', 14, 7, 'シミを防ぐ薬用美白*UVジェル\r\nホワイトニングUV ジェルn （医薬部外品）\r\n〈日焼け止め用ジェル〉90g\r\nGel chống nắng, ngăn ngừa nám, trắng da\r\nGel chong nang, nang ngua nam, trang da', 0, '2019-03-22 15:36:17', '2019-04-22 16:43:31'),
(34, 1, 'Anessa Perfect Skin Gel SPF 50+ PA++++ 90g', '90 g', 'tuýp', 600000, 550000, 2138, 2, 'anessa_gold.png', 14, 7, 'スキンケアする強力UVジェル\r\nパーフェクトUV スキンケアジェル\r\n〈日焼け止め用ジェル〉90g\r\nGel chống nắng, Gel UV mạnh mẽ\r\nGel chong nang, Gel UV manh me\r\nChống nắng toàn diện với Anessa Whitening UV Sunscreen Gel\r\n🍀🍀🍀🍀🍀Gel chống nắng dưỡng trắng Anessa Whitening UV Sunscreen Gel 90g:\r\nlà giải pháp chống nắng toàn diện, hiệu quả. Với công nghệ Aqua Booster chống nước kết hợp cùng hoạt chất làm mờ vết thâm nám, giúp bảo vệ làn da khỏi tác hại của ánh nắng mặt trời, đồng thời cung cấp thành phần dưỡng da cho bạn làn da trắng sáng rạng rỡ.\r\n\r\n🍀🍀🍀Công dụng của gel chống nắng dưỡng trắng Anessa Whitening UV Sunscreen:\r\n- ❄️Chỉ số chống nắng cao, bảo vệ làn da bạn dưới tác hại của ánh nắng mặt trời. \r\n- ❄️Chứa thành phần dưỡng trắng và dưỡng ẩm da, ức chế sự phát triển của hắc tố melanin, trả lại làn da trắng sáng, đều màu.\r\n- ❄️Chống lão hóa da và dưỡng ẩm chuyên sâu cho làn da mềm mịn, mượt mà.\r\n- ❄️Dạng gel sữa thấm nhanh vào da, không gây bết dính, bí bách tạo cảm giác thoải mái, thông thoáng cho da, hạn chế gây mụn.\r\n\r\n🍀🍀🍀Hướng dẫn sử dụng gel chống nắng dưỡng trắng Anessa Whitening UV Sunscreen:\r\n- 🥑Thoa kem trước khi ra nắng 15-20 phút để kem có thời gian phát huy hiệu quả và giúp những dưỡng chất thấm sâu vào da.\r\n- 🍓Bước 1: Thực hiện các bước chăm sóc da cơ bản, sử dụng kem chống nắng sau khi dưỡng ẩm. \r\n- 🍓Bước 2: Làm sạch tay, lắc đều và sử dụng:\r\n+ 🥝Đối với vùng mặt: Cho một lượng vừa đủ (khoảng bằng hạt ngọc trai) thoa đều lên mặt và cổ theo hướng từ trong ra ngoài, vỗ nhẹ để kem thấm vào da tốt hơn.\r\n+ 🥝Đối với cơ thể: Cho sản phẩm lên da theo đường dọc cơ thể, nên sử dụng một lượng nhiều sản phẩm và thoa bằng lòng bàn tay với động tác xoay tròn.\r\n- 🍓Bước 3: Thoa lại sau 2-3 giờ tiếp xúc với nắng để được bảo vệ tối ưu nhất.\r\n\r\n* Kem chống nắng Anessa màu vàng: Khả năng chống thấm nước vượt trội, thích hợp cho người chơi thể thao, đi biển.', 0, '2019-03-22 15:36:27', '2019-04-22 16:43:31'),
(35, 1, 'Labo BB Essence Cream SPF50 PA++++ 03 33g', '33 g', 'tuýt', 320000, 290000, 768, 3, 'labo_essence_cream_03.jpg', 12, 15, 'モイストラボBB エッセンスクリーム ナチュラルオークル(SPF50 PA++++) 33g', 0, '2019-03-22 16:55:31', '2019-04-22 16:43:31'),
(36, 1, 'Labo BB Essence Cream SPF50 PA++++ 01 33g', '33 g', 'tuýt', 320000, 290000, 800, 1, 'labo_essence_cream_01.jpg', 12, 15, 'モイストラボBBエッセンスクリームナチュラルベージュ', 0, '2019-03-22 17:04:08', '2019-04-22 16:43:31'),
(37, 1, 'Melano CC 20ml', '20 ml', 'tuýp', 350000, 300000, 1052, 2, 'merano_cc.jpg', 12, 14, 'メラノCC 薬用しみ集中美容液20ml\r\nserum melano', 0, '2019-03-22 17:25:59', '2019-04-22 16:43:31'),
(38, 1, 'AQUALABEL Special Gel Cream Oil In 90g', '90 g', '', 570000, 520000, 2030, 0, 'aqualabel_special_gel_cream_oil_in_gold_90g.jpg', 12, 7, 'アクアレーベル スペシャルジェルクリーム (オイルイン) エイジングケアタイプオールインワン 90g', 0, '2019-03-22 18:30:11', '2019-04-22 16:43:31'),
(39, 1, 'Shu Uemura Smoothfit Mineral Foundation', '', '', 1200000, 1150000, 4980, 0, 'shu_uemura_spf_18_pa++.jpg', 15, 16, 'シュウウエムラ スムースフィット ミネラル ファンデーション\r\nhttps://www.shuuemura.jp/?p_id=MFD009', 0, '2019-03-22 18:43:02', '2019-04-22 16:43:31'),
(40, 1, 'AQUALABEL White Up Cream 50g (Blue)', '50 g', '', 520000, 480000, 1640, 0, 'shiseido_aqua_blue.jpg', 12, 7, 'アクアレーベル ホワイトアップ クリーム 保湿・美白クリーム (3) とてもしっとり 50g ', 0, '2019-03-25 14:09:25', '2019-04-22 16:43:31'),
(41, 1, 'Skin Aqua Tone Up UV Essence SPF 50+ PA++++ 80g', '80 g', 'tuýp', 350000, 300000, 861, 5, 'skin_aqua_uv.jpg', 14, 14, 'SKIN AQUA（スキンアクア） トーンアップUVエッセンス （80g）', 0, '2019-03-25 14:31:22', '2019-04-22 16:43:31'),
(42, 1, 'Chondroitin ZS Tablets 270 (tablets)', '270 viên', 'hủ', 1750000, 1680000, 7500, 0, 'chonroitin_zs_270.jpg', 10, 17, 'コンドロチンZS錠（270錠）', 0, '2019-03-25 15:23:13', '2019-04-22 16:43:31'),
(43, 1, 'Sekkisei White UV Milk Kit', '', 'bộ', 700000, 650000, 2025, 4, 'kose_white_uv_milk.jpg', 14, 18, '雪肌精 (せっきせい) ホワイトUVミルクキット（日焼止め乳液・化粧水付） ［日焼け止め］', 0, '2019-03-26 18:30:12', '2019-04-22 16:43:31'),
(44, 1, 'Dental Medicare Cream 5g', '5 g', 'tuýp', 330000, 300000, 922, 9, 'medicare_dental.jpg', 16, 19, '【第2類医薬品】 メディケアデンタルクリーム（5g）\r\nthuoc tri nhiet mieng', 0, '2019-03-26 18:38:56', '2019-04-22 16:43:31'),
(45, 1, 'WHITE CONC Body Gommage C', '', 'chai', 450000, 400000, 1404, 1, 'white_conc_body_gommage.jpg', 16, 52, '薬用ホワイトコンク ボディゴマージュCII\r\ntẩy tế bào chết', 0, '2019-03-26 18:49:06', '2019-04-22 16:43:31'),
(46, 1, 'Sekkisei White UV Gel Kit', '', 'bộ', 650000, 600000, 1891, 4, 'kose_white_uv_gel.jpg', 14, 18, '雪肌精 (せっきせい) ホワイトUVジェルキット（日焼止め乳液・化粧水付） ［日焼け止め］', 0, '2019-03-30 01:34:32', '2019-04-22 16:43:31'),
(47, 1, 'Spirulina 100% 2200 cap', '2200 viên', 'hủ', 850000, 750000, 2498, 0, 'supirurina_2200.jpg', 8, 0, 'スピルリナ100% 海洋深層水スピルリナブレンド 2200粒\r\nSpirulina 100% Kaiyoushinsosui Spirulina Blend 2200 tablets\r\nTao xoan\r\nTảo xoắn', 0, '2019-03-30 03:44:15', '2019-04-22 16:43:31'),
(48, 1, 'Night Diet Tea (2g x 20 follicles)', '20 gói', 'bịch', 300000, 250000, 691, 13, 'night_diet_tea.jpg', 9, 20, 'Trà giảm cân', 0, '2019-03-30 10:28:20', '2019-04-22 16:43:31'),
(49, 1, 'DHC Vitamin B Mix 60 days (120 tablets)', '120 viên', 'bịch', 240000, 200000, 321, 5, 'dhc_vitamin_B_60days.jpg', 10, 9, 'DHC（ディーエイチシー） ビタミンBミックス 60日分（120粒）〔栄養補助食品〕', 0, '2019-03-30 10:32:09', '2019-04-22 16:43:31'),
(50, 1, 'DHC Multi Vitamin 60 days (120 tablets)', '120 viên', 'bịch', 260000, 210000, 555, 3, 'dhc_multi_vitamin_60days.jpg', 10, 9, 'DHC（ディーエイチシー） マルチビタミン 60日分（60粒）〔栄養補助食品〕', 0, '2019-03-30 11:11:12', '2019-04-22 16:43:31'),
(51, 1, 'DHC Fragrant Bulgarian Rose 20 days (40 tablets)', '40 viên', 'bịch', 350000, 300000, 1004, 9, 'dhc_burugaria_rose_20days.jpg', 10, 9, 'DHC（ディーエイチシー） 香るブルガリアンローズ 20日分（40粒）〔栄養補助食品〕\r\n🌹🌹🌹🌹🌹Viên uống dầu hoa hồng thơm cơ thể DHC:20 ngày\r\n🌹Viên uống dầu hoa hồng thơm cơ thể DHC kết hợp thành phần Citronellol (có trong tinh dầu xả) và Geraniol (có trong tinh dầu hoa hồng) là một chất chống oxy hóa tự nhiên và hương thơm của nó khi vào cơ thể, sẽ được bài tiết qua lỗ chân lông, tạo mùi ngọt tự nhiên có thể kéo dài hàng giờ.\r\n\r\n🌹Trong dầu hoa hồng là chất chống oxy hóa mạnh, nó có đến 850 thành phần có thể tạo ra mùi hương cho cơ thể, bạn sẽ cảm nhận được cơ thể sẽ thay đổi sau 2-3 giờ uống.\r\n🌹Có thể nói, cơ thể có mùi tuy không gây hại nhưng nó vô tình làm chúng ta mất đi cảm giác tự tin trong giao tiếp, mọi người sẽ vô tình cảm thấy khó chịu và muốn đứng xa mình 1 chút. \r\n🌹🌹Liều dùng:\r\nUống mỗi ngày 2 viên sau bữa ăn để duy trì và tránh được sự tiết mùi không đáng có.', 0, '2019-03-30 12:47:15', '2019-04-22 16:43:31'),
(52, 1, 'DHC Vitamin E 60 days (60 tablets)', '60 viên', 'bịch', 260000, 220000, 606, 5, 'dhc_vitamin_E_60days.jpg', 10, 9, 'DHC（ディーエイチシー） ビタミンE 60日分（60粒）〔栄養補助食品〕', 0, '2019-03-30 13:09:25', '2019-04-22 16:43:31'),
(53, 1, 'Inochi no haha 420 pills', '420 viên', 'hủ', 750000, 650000, 2014, 0, 'inochinohana_420.jpg', 10, 21, '【第2類医薬品】 女性保健薬命の母A（420錠）\r\ntien man kinh', 0, '2019-03-30 22:22:30', '2019-04-22 16:43:31'),
(54, 1, 'Nakatta Kotoni Red 120 pills', '120 viên', 'bịch', 550000, 0, 1382, 4, 'nakatta_kotoni_red.jpg', 9, 22, 'なかったコトに　９９粒\r\n🍏🍏🍏Enzyme giảm cân ban ngày từ đậu trắng tây: màu đỏ\r\n👉Enzym giảm cân ban ngày của Nhật có tác dụng ngăn chặn lại quá trình hấp thu các chất béo, đốt cháy thành mỡ thừa, carlories ở những người thừa cân và béo bụng sẽ được đào thải theo đường bài tiết một cách tự nhiên và từ từ, enzym có trong viên béo giúp hệ tiêu hóa được hoạt động tốt hơn.\r\n\r\n👉Khi sử dụng enzym giảm cân ban ngày bạn yên tâm là cơ thể khỏe mạnh, hoạt bát, nhanh nhẹn hơn, không phải lo với những bài tập thể dục mạnh, không phải ăn kiêng, không lo viên uống khó uống. Mà ngược lại viên uống giúp bạn giữ lại đc vóng dáng thon gọn mà không phải thực hiện chế độ ăn khắc nghiệt.\r\n\r\n🐥🐥🐥Enzym giảm cân ban ngày có những công dụng gì?\r\n😱Enzym giảm cân bằng thảo dược được lên men hơn 1000 ngày đang là trào lưu được người tiêu dùng nhật tin tưởng truy tìm ở tất cả các kệ siêu thị, store…với công dụng tuyệt vời nhất mà y học Nhật đã chỉ ra mọi vấn đề sức khỏe, sắc đẹp giảm cân đều bắt nguồn từ hệ tiêu hóa.\r\n😱Chính vì thế muốn giảm cân hiệu quả và an toàn bạn phải dùng enzym lên men để giúp hệ tiêu hóa đặc biệt là hệ vi khuẩn đường ruột được khỏe mạnh, giúp kích thích sản xuất năng lượng, tăng cường trao đổi chất, không tích tụ mỡ thừa để có thể giảm cân nhanh.\r\n😱Hỗ trợ đốt cháy calo và carbohydrate\r\n😱Thanh lọc cơ thể, giúp tăng sức đề kháng cho cơ thể phòng ngừa bệnh.\r\n😱Giảm phù nề hiệu quả.\r\n👌👌Với thành phần đậu thận trắng, bột lá sen, bột trà xanh được lên men giúp ngăn ngừa các chất béo có trong thức ăn, đốt cháy mỡ một cách tự nhiên, hiệu quả an toàn, đem đến cho bạn thân hình vóc dáng cân bằng.\r\nCách sử dụng enzyme giảm cân ban ngày như sau:120 viên 40 ngày\r\n• Ngày uống 3 viên vào buổi sáng\r\n• Nên dùng viên uống trước bữa ăn 30 phút\r\n• Nên sử dụng viên uống với nhiều nước ấm', 0, '2019-03-30 22:30:57', '2019-04-22 16:43:31'),
(55, 1, 'Nakatta Kotoni Night Diet Supplement 30 pills', '30 viên', 'bịch', 550000, 0, 0, 4, 'nakatta_kotoni_night.jpg', 9, 22, 'なかったコトに!夜用ダイエットサプリ 30粒\r\n🍏🍏🍏Enzyme giảm cân ban đêm:màu xanh\r\n👉Dù biết rằng nạp quá nhiều calories sau những bữa nướng, lẩu vào buổi tối, nó làm thân hình bạn càng thêm phì nhiêu, nhưng cũng không thể bỏ qua những bữa tiệc, những buổi liên hoan tụ tập công ty, bạn bè được.\r\n\r\n👉Vậy sau những bữa ăn quá thừa calor đó bạn làm thế nào để vẫn duy trì vóng dáng cân đối đó, những đồ ăn luôn hấp dẫn nhưng nó lại quá nhiều đạm và chất béo, những chất béo đó khi vào cơ thể nó sẽ tích tụ, lâu ngày thì càng khó giảm, bạn có thể chọn giải pháp đi tập thể dục, tập gym, hay giảm ăn nhưng không đảm bảo sức khỏe cho công việc hàng ngày.\r\n👉Nên những người cơ thể hấp thụ tốt, mà lại lười vận động…. các nhà nghiên cứu của Graphico của Nhật đã nghiên cứu và đưa ra thị trường Enzym dâu tây trắng giúp thanh lọc cơ thể, giảm cân, phá hủy các khối mỡ thừa, Enzym dâu tây trắng giúp thúc đẩy quá trình tiêu hóa mạnh, đào thải các chất mỡ thừa ra khỏi cơ thể, nhờ enzym dâu tây trắng mà bạn hãy quên đi những chế độ ăn khắc nghiệt và những bài tập thể dục nặng, mang lại cho bạn vóc dáng cân bằng và sức khỏe.\r\n👌👌Thành phần trong Enzyme giảm cân ban đêm của Nhật\r\n+ Dâu tây trắng, tinh bột, nghệ tươi, bột lô hội Nam Phi, râu ngô, ngũ cốc, gừng đen, xả chanh, macca hữu cơ, súp lơ, cây trúc quỳ, cỏ râu mèo, gelatin, silicon dioxide, bột hến, arginine….\r\nCách sử dụng enzyme giảm cân ban đêm như sau:30 viên 15 ngày\r\n* Ngày sử dụng 2 viên trước khi đi ngủ\r\n* Nên uống với nước ấm để đạt hiệu quả tốt nhất', 0, '2019-03-30 23:20:19', '2019-03-30 23:23:39'),
(56, 1, 'Honey Butter Almond 250 g', '250 g', 'bịch', 350000, 320000, 1058, 0, 'honey_butter_almond.jpg', 17, 0, 'ハニーバターアーモンド 250g', 0, '2019-03-31 00:14:15', '2019-04-22 16:43:31'),
(57, 1, 'Caramel Almond & Pretzel 210 g', '210 g', 'bịch', 350000, 320000, 1058, 1, 'caramel_almond_pretzel.jpg', 17, 0, 'アーモンド　キャラメルアーモンド ＆ プレッツェル　ハニーバターアーモンド系列　\r\nCARAMEL ALMOND&PRETZEL/ Besmiが販売/ゆうパケット便', 0, '2019-03-31 00:38:17', '2019-04-22 16:43:31'),
(58, 1, 'Honey Butter MixNut 220 g', '220 g', 'bịch', 350000, 320000, 1058, 2, 'honey_butter_mixnut.jpg', 17, 0, 'ハニーバターミックスナッツ/220g\r\nHONEY BUTTER MIXNUT', 0, '2019-03-31 00:41:41', '2019-04-22 16:43:31'),
(59, 1, 'DHC Soy Isoflavones Absorption Type 20 days (40 tablets)', '40 viên', 'bịch', 310000, 270000, 753, 2, 'dhc_soy_isoflavones_absorption_type.jpg', 10, 9, 'DHC（ディーエイチシー） 20日大豆イソフラボン吸収型（40粒）〔栄養補助食品〕\r\n🍀🍀🍀🍀🍀Viên uống mầm đậu nành DHC:20 ngày 40 viên\r\n👉Tinh chất mầm đậu nành DHC bổ sung hoạt chất insoflavone được chiết xuất từ đậu nành, được xem là một trong những thành phần rất quan trọng làm giảm hoạt động của estrogen nội sinh ở phụ nữ, giảm nguy cơ ung thư tử cung và ung thư vú.\r\n👉Ở nam giới Hormone Androgen, Testosterol quyết định vẻ nam tính, cơ bắp săn chắc, thì sự mềm mại ở nữ giới đó chính là Estrogen. Tuy nhiên sau tuổi 30 khả năng cơ thể tự sản sinh Estrogen suy giảm dần, cơ thể bắt đầu có những dấu hiệu của quá trình lão hóa. Da xuất hiện nếp nhăn, giảm độ đàn hồi, chức năng sinh lý suy giảm, da tóc khô, khô âm đạo khiến nhiều chị em mất tự tin. Không những thế hiện nay nhiều phụ nữ trẻ thiếu hụt hormone estrogen cũng gây vấn đề suy giảm khả năng sinh lý, ngực nhỏ, da nhiều mụn trứng cá…\r\nTinh chất mầm đậu nành DHC có thể được xem là viên thần dược cho sức khoẻ và sắc đẹp của phụ nữ, bởi vì trong viên thuốc có chứa hoạt chất insoflavone được chiết xuất từ đậu nành, được xem là một trong những thành phần rất quan trọng làm giảm hoạt động của estrogen nội sinh ở phụ nữ, giảm nguy cơ ung thư tử cung và ung thư vú .\r\n\r\n🍀🍀🍀Công dụng viên uống mầm đậu nành DHC:\r\nTăng dịch tiết âm đạo,điều hòa kinh nguyệt, chống suy thoái chức năng buồng trứng, làm chậm quá trình lão hóa, giảm nám, giúp da bóng mịn và hồng hào.\r\nCải thiện nhiều triệu chứng tiền mãn kinh như: mất ngủ, đau đầu, giảm trí nhớ, loãng xương, người mệt mỏi, đau xương khớp, ra mồ hôi trộm.\r\n🍀🍀🍀Hướng dẫn sử dụng:Thiên về vóc dáng', 0, '2019-03-31 00:49:46', '2019-04-22 16:43:31'),
(60, 1, 'DHC Soy Isoflavones 20 days (40 tablets)', '40 viên', 'bịch', 290000, 250000, 0, 5, 'dhc_soy_isoflavones.jpg', 10, 9, '大豆イソフラボン　20日分（40粒）', 0, '2019-03-31 01:03:07', '2019-04-02 02:15:24'),
(61, 1, 'DHC Placenta 20 days (60 tablets)', '60 viên', 'bịch', 300000, 260000, 809, 5, 'dhc_placenta.jpg', 10, 9, 'DHC（ディーエイチシー） プラセンタ 20日分（60粒）〔栄養補助食品〕\r\n🐑🐑🐑🐑🐑Viên uống DHC nhau thai cừu 3600mg: 60 viên dùng trong 20 ngày\r\nViên uống DHC chứa thành phần Nhau thai cừu 3600mg,ngoài ra sản phẩm còn bổ sung các thành phần Vitamin B2 cùng Axit Amin, Carbohydrate, Enzyme, thành phần dầu Olive, thành phần sáp ong và các khoáng chất cần thiết giúp nuôi dưỡng và bổ sung sâu từ các tế bào bên trong cơ thể, từ đó giúp cơ thể luôn khỏe mạnh, giúp phục hồi nét thanh xuân và đánh bật dấu hiệu của tuổi tác.\r\n🐑🐑🐑Những công dụng:\r\n👉🐑Nhật Bản là tinh chất nuôi dưỡng vẻ đẹp của chị em phụ nữ từ sâu bên trong, đặt biệt là với phụ nữ độ tuổi mãn kinh giúp làn da trở nên mịn màng, những đốm nâu được làm mờ và ngăn cản các tác nhân hình thành nếp nhăn, tàng nhang hiệu quả.\r\n👉🐑Không những thế, sản phẩm viên vitamin DHC Nhật Bản này còn tốt cho sinh lý nữ, giúp phòng chống các bệnh về sinh dục hiệu quả.', 0, '2019-03-31 01:49:44', '2019-04-22 16:43:31'),
(62, 1, '232 Nighttime Diet Enzyme Premium (120 tablets) (blue)', '120 viên', 'bịch', 750000, 680000, 1922, 5, 'iSDG_diet_night_232.jpg', 9, 11, 'giảm cân\r\n232種の酵素シリーズ　夜間Diet酵素プレミアム (120粒) ', 0, '2019-03-31 02:16:51', '2019-04-22 16:43:32'),
(63, 1, '232 Refreshing Enzyme Premium (120 tablets) (white)', '120 viên', 'bịch', 750000, 680000, 1922, 5, 'iSDG_refreshing_232.jpg', 9, 11, 'giảm cân\r\n232爽快酵素プレミアム（120粒）', 0, '2019-03-31 02:24:40', '2019-04-22 16:43:32'),
(64, 1, '232 Beauty Enzyme (120 tablets) (pink)', '120 viên', 'bịch', 750000, 680000, 0, 0, 'iSDG_beauty_232.jpg', 9, 11, 'giảm cân\r\n232種の酵素シリーズ　美妃酵素（ビューティーこうそ）＋真珠＆ツバメの巣　(120粒) ［美容］', 0, '2019-03-31 02:30:24', '2019-04-10 03:22:24'),
(65, 1, 'Vaseline lip balm rosy lips 7g', '7 g', 'hủ', 140000, 120000, 0, 0, '2019-04-07_234730.png', 7, 23, 'lip balm\r\nrosy lips\r\nfor soft, pink lips', 0, '2019-04-05 02:17:32', '2019-04-11 02:30:39'),
(66, 1, 'Vaseline lip therapy cocoa butter 7g', '7 g', 'hủ', 140000, 120000, 0, 0, 'Vaseline_lip_therapy_cocoa_butter.jpg', 7, 23, 'lip therapy\r\ncocoa butter\r\nfor soft, glowing lips', 0, '2019-04-05 02:22:01', '2019-04-12 01:12:05'),
(67, 1, 'Vaseline lip therapy creme brulee 7g', '7 g', 'hủ', 140000, 120000, 0, 1, 'Vaseline_lip_therapy_creme_brulee_7g.JPG', 7, 23, 'lip therapy\r\ncreme brulee\r\nfor deliciously kissable lips', 0, '2019-04-05 02:24:42', '2019-04-11 01:50:38'),
(68, 1, 'Okinawan Fucoidan 180 cap', '180 viên', 'hủ', 1950000, 1850000, 0, 1, 'Okinawan_Fucoidan_180_cap.jpg', 10, 24, 'Okinawa Fucoidan (Kanehide Bio) by Okinawa Fucoidan Extract 180 Cap\r\n100% Okinawan Fucoidan!\r\nNo Additives. Highly-Concentrated Fucoidan Extract Capsules.\r\n42000mg fucoidan per container (53.1g)\r\nServings per container : 53.1g (295mg×180capsules)', 0, '2019-04-05 02:30:32', '2019-04-15 11:42:47'),
(69, 1, 'Charcoal Diet byKuro 15 days', '30 viên', 'bịch', 600000, 550000, 0, 0, 'Charcoal_Diet_byKuro_15.jpg', 9, 25, '15日分（30粒）1,600円＋税\r\n【原材料】\r\n伊那赤松妙炭、ヤシ殻活性炭、デキストリン、イソマルトオリゴ糖粉あめ、植物性乳酸菌（殺菌）末／HPMC、ステアリン酸カルシウム\r\n【お召し上がり方】\r\n1日2粒を目安に、水またはぬるま湯でお召し上がりください。', 0, '2019-04-05 02:37:55', '2019-04-12 14:42:14'),
(70, 1, 'ShohYoh 口内塗薬 20g', '20 g', 'tuýp', 330000, 300000, 0, 0, 'ShohYoh_口内塗薬_20g.jpg', 10, 0, 'Sung nuou rang\r\nSưng nướu răng\r\n生葉（しょうよう）口内塗薬\r\n歯ぐきの出血・腫れ・うみ・痛み・むずがゆさ、口臭など歯肉炎・歯槽膿漏における諸症状、口内炎に優れた効きめがあります\r\n高粘着性軟膏タイプなので、4つの有効成分が歯周ポケット内に長く留まって効果的に作用し、優れた効きめを発揮します\r\n歯ぐき全体にマッサージしながら塗り込むと効果的です\r\n歯ぐきにスーッとしみ込むような爽やかな使用感です', 0, '2019-04-05 03:10:14', '2019-04-11 01:13:30'),
(71, 1, 'Muhi Baby Cream 15g', '15 g', 'tuýt', 250000, 220000, 680, 0, 'Muhi_Baby_Cream_15g.jpg', 16, 26, '【第3類医薬品】お肌にしみない ムヒ・ベビー 15g クリーム \r\nsức côn trùng cắn\r\nsuc con trung can', 0, '2019-04-05 03:22:45', '2019-04-22 16:43:32'),
(72, 1, 'SK-II R.N.A.POWER Radical New Age Essence 30ml', '30 ml', '', 3100000, 2900000, 13500, 0, 'SK-II_R.N.A.POWER_Radical_New_Age_Essence_30ml.jpg', 7, 27, 'https://www.sk-ii.com.sg/product/serum/rna-power-radical-new-age-essence\r\n', 0, '2019-04-05 11:44:50', '2019-04-22 16:43:32'),
(73, 1, 'SK-II R.N.A.POWER Radical New Age Essence 50ml', '50 ml', '', 4150000, 4000000, 0, 0, 'SK-II_R.N.A.POWER_Radical_New_Age_Essence_50ml.jpg', 7, 27, 'https://www.sk-ii.com.sg/product/serum/rna-power-radical-new-age-essence\r\n', 0, '2019-04-05 11:52:57', '2019-04-05 14:55:07'),
(74, 1, 'SK-II Genoptics AURA Essence 30ml', '30 ml', '', 3900000, 3750000, 0, 0, 'SK-II_Genoptics_AURA_Essence_30ml.jpg', 7, 27, 'https://www.sk-ii.com.sg/product/serum/genoptics-aura-essence\r\nserum dưỡng trắng da\r\n', 0, '2019-04-05 12:09:15', '2019-04-05 14:59:14'),
(75, 1, 'SK-II Genoptics AURA Essence 50ml', '50 ml', '', 5500000, 5350000, 0, 0, 'SK-II_Genoptics_AURA_Essence_50ml.jpg', 7, 27, 'https://www.sk-ii.com.sg/product/serum/genoptics-aura-essence\r\nserum dưỡng trắng da\r\n', 0, '2019-04-05 12:10:48', '2019-04-05 15:00:14'),
(76, 1, 'SK-II R.N.A.Power Radical New Age 50g', '50 g', '', 2900000, 2750000, 12420, 0, 'SK-II_R.N.A.Power_Radical_New_Age_50g.jpg', 7, 27, 'https://www.sk-ii.com.sg/product/moisturiser/rna-power-radical-new-age\r\nkem chống lão hoá', 0, '2019-04-05 12:15:03', '2019-04-22 16:43:32'),
(77, 1, 'SK-II R.N.A.Power Radical New Age 80g', '80 g', '', 4150000, 4000000, 17172, 0, 'SK-II_R.N.A.Power_Radical_New_Age_80g.jpg', 7, 27, 'https://www.sk-ii.com.sg/product/moisturiser/rna-power-radical-new-age\r\nkem chống lão hoá', 0, '2019-04-05 12:29:39', '2019-04-22 16:43:32'),
(78, 1, 'SK-II Genoptics Spot Esence Serum 30ml', '30 ml', '', 2670000, 2520000, 0, 0, 'SK-II_Genoptics_Spot_Esence_Serum_30ml.webp', 7, 27, 'https://www.sk-ii.com/beauty-essence/radiant-skin-/sk-ii-genoptics-spot-essence/00730870307915.html\r\nserum trị nám', 0, '2019-04-05 12:32:32', '2019-04-05 15:10:48'),
(79, 1, 'SK-II Genoptics Spot Esence Serum 50ml', '50 ml', '', 3650000, 3500000, 0, 0, 'SK-II_Genoptics_Spot_Esence_Serum_50ml.jpg', 7, 27, 'https://www.sk-ii.com/beauty-essence/radiant-skin-/sk-ii-genoptics-spot-essence/00730870307915.html\r\nserum trị nám', 0, '2019-04-05 12:34:15', '2019-04-05 15:09:27'),
(80, 1, 'SK-II Facial Treatment Essence 75ml', '75 ml', '', 1650000, 1500000, 6426, 0, 'SK-II_Facial_Treatment_Essence_75ml.jpg', 7, 27, 'https://www.sk-ii.com/women/super-premium-skin-care/facial-treatment-essence/sk-ii-facial-treatment-essence/SK2-HR-FT-ESS.html?navid=search#q=Facial%2BTreatment%2BEssence%2B&start=1\r\nNước thần', 0, '2019-04-05 12:36:51', '2019-04-22 16:43:32'),
(81, 1, 'SK-II Facial Treatment Essence 160ml', '160 ml', '', 3000000, 2850000, 0, 0, 'SK-II_Facial_Treatment_Essence_160ml.jpg', 7, 27, 'https://www.sk-ii.com/women/super-premium-skin-care/facial-treatment-essence/sk-ii-facial-treatment-essence/SK2-HR-FT-ESS.html?navid=search#q=Facial%2BTreatment%2BEssence%2B&start=1\r\nNước thần', 0, '2019-04-05 12:39:07', '2019-04-05 15:15:26'),
(82, 1, 'SK-II Facial Treatment Essence 230ml', '230 ml', '', 3750000, 3600000, 16632, 0, 'SK-II_Facial_Treatment_Essence_230ml.jpg', 7, 27, 'https://www.sk-ii.com/women/super-premium-skin-care/facial-treatment-essence/sk-ii-facial-treatment-essence/SK2-HR-FT-ESS.html?navid=search#q=Facial%2BTreatment%2BEssence%2B&start=1\r\nNước thần', 0, '2019-04-05 12:39:53', '2019-04-22 16:43:32'),
(83, 1, 'SK-II Facial Treatment Essence 330ml', '330 ml', '', 0, 0, 0, 0, 'SK-II_Facial_Treatment_Essence_330ml.jpg', 7, 27, 'https://www.sk-ii.com/women/super-premium-skin-care/facial-treatment-essence/sk-ii-facial-treatment-essence/SK2-HR-FT-ESS.html#start=1\r\nNước thần', 0, '2019-04-05 15:14:19', '2019-04-05 15:14:53'),
(84, 1, 'Fino Premium Touch Penetration Beauty Liquid Hair Mask 230g', '230g', '', 320000, 270000, 645, 5, 'shiseido-fino-230.jpg', 20, 7, '', 0, '2019-04-06 20:00:57', '2019-04-22 16:43:32'),
(85, 1, 'Super Lustrus Lipstick 120', '', '', 450000, 0, 0, 0, '120-SL-lip-w420-1-2-420x625.jpg', 18, 0, 'レブロン スーパー ラストラス リップスティック', 0, '2019-04-06 20:41:08', '2019-04-06 20:49:09'),
(86, 1, 'Botanical Special Winter Set', '', 'cặp', 1100000, 0, 0, 0, 'botanical_winter_set.jpg', 7, 29, 'Shampoo hiiragi & white rose\r\nTreatment hiiragi & white jasmine', 0, '2019-04-07 23:28:38', '2019-04-10 20:34:26'),
(87, 1, 'Vaseline lip therapy original 7g', '7 g', 'hủ', 140000, 120000, 0, 0, 'vaseline_lip_original.jpg', 7, 23, 'lip therapy\r\nfor smooth, soft lips', 0, '2019-04-08 00:58:57', '2019-04-18 10:36:42'),
(88, 1, 'Nivea Rich Care & Color Lip, Smoky Rose', '', '', 135000, 120000, 0, 0, 'nivea_rich_color_smoky_rose.jpg', 18, 30, '', 0, '2019-04-08 01:15:07', '2019-04-08 11:31:48'),
(89, 1, 'Kao Nivea Natural Color Lip Bright Up, Cherry Red SPF20/PA++', '', '', 105000, 95000, 0, 0, 'Kao_Nivea_Natural_Color_Lip_Bright_Up_Cherry_Red_SPF20_PA++.jpg', 18, 30, '', 0, '2019-04-08 01:20:32', '2019-04-08 11:31:48'),
(90, 1, 'NIVEA Flavor Lip Delicious Drop 3.5g (Peach Fragrance)', '', '', 105000, 95000, 0, 0, 'NIVEA_Flavor_Lip_Delicious_Drop_3.5g_Peach_Fragrance.jpg', 18, 30, '', 0, '2019-04-08 01:25:19', '2019-04-08 11:31:48'),
(91, 1, 'Mentholatum Lip Fondue, Coral Pink', '', '', 70000, 55000, 0, 0, 'Mentholatum_Lip_Fondue_Coral_Pink.jpg', 18, 31, '', 0, '2019-04-08 01:29:09', '2019-04-08 11:31:48'),
(92, 1, 'Mentholatum Lip Baby Fruits, White Peach Fragrance', '', '', 70000, 55000, 0, 0, 'Mentholatum_Lip_Baby_Fruits_White_Peach_Fragrance.jpg', 18, 31, '', 0, '2019-04-08 01:36:04', '2019-04-08 11:31:48'),
(93, 1, 'Santa Marche Deep Cleansing, Green Tea, 400mL', '400 ml', '', 500000, 450000, 0, 0, 'Santa_Marche_Deep_Cleansing_Green_Tea_400mL.jpg', 7, 0, '', 0, '2019-04-08 01:39:37', '2019-04-08 11:31:48'),
(94, 1, 'Kose Mask Prevent Dry Skin', '50 miếng', 'bịch', 500000, 450000, 0, 0, 'kose_mask_red.jpg', 24, 18, 'クリアターン 乾燥小じわ対策\r\n肌ふっくらマスク 50枚入\r\nKose clear turn dry fine wrinkles measures skin plump mask 50 pieces of packs\r\nngăn ngừa khô da, nếp nhăng ..', 0, '2019-04-08 01:49:32', '2019-04-12 16:55:01'),
(95, 1, 'Kose Mask Prevent Stain', '50 miếng', 'bịch', 500000, 450000, 0, 0, 'kose_mask_white.jpg', 24, 18, 'クリアターン シミ・乾燥小じわ対策 薬用美白 肌ホワイト マスク 50枚入 \r\nngăn ngừa nám', 0, '2019-04-08 11:39:18', '2019-04-12 16:55:21'),
(96, 1, 'en Natural Beauty Berry Smoothie 170g', '170 g', '', 650000, 500000, 0, 0, 'en_Natural_Beauty_Berry_Smoothie.jpg', 8, 0, 'エンナチュラル ビューティベリー スムージー(170g) ', 0, '2019-04-08 12:18:03', '2019-04-08 12:32:59'),
(97, 1, 'BVLGARI EDT 100mL', '100 ml', '', 1300000, 1100000, 0, 0, 'blv_100ml.jpg', 19, 32, 'BVLGARI ブルガリ ブループールオム EDT/100mL ', 0, '2019-04-08 12:23:07', '2019-04-08 12:32:59'),
(98, 1, 'Valentino for Women - Eau de Parfum 80 ml', '80 ml', '', 1200000, 1000000, 0, 0, 'valentino_rose.jpg', 19, 0, '', 0, '2019-04-08 12:41:03', '2019-04-08 12:42:54'),
(99, 1, 'Botanical Special Spring Set', '', 'cặp', 1100000, 850000, 0, 0, 'botanist_sarkura_set.jpg', 7, 29, 'Shampoo sakura & peach rose\r\nTreatment sakura & white strawberry', 0, '2019-04-08 14:30:46', '2019-04-10 20:34:42'),
(100, 1, 'Calbee Fruit granola 800g', '800 g', '', 200000, 180000, 0, 0, 'Calbee_Fruit_granola_800g.jpg', 17, 51, 'ngu coc', 0, '2019-04-10 02:51:13', '2019-04-15 16:51:29'),
(101, 1, 'Revlon Super Lustrous Lipstick', '', '', 450000, 400000, 0, 0, 'revsuperlustrouslipstick_10.jpg', 18, 33, '', 0, '2019-04-10 03:17:40', '2019-04-10 03:20:01'),
(102, 1, 'Chifure Sun Veil Cream Waterproof SPF25 PA++ 50g', '50g', '', 270000, 260000, 0, 0, 'chifure_sun_veil_cream_waterproof_SPF25_PA++.jpg', 14, 0, 'ちふれ化粧品 UV サン ベール クリーム（WP） ５０Ｇ\r\nKem chong nang ', 0, '2019-04-10 04:06:02', '2019-04-10 12:24:43'),
(103, 1, 'Giày Nike', '', '', 0, 0, 0, 0, 'nike.png', 1, 41, '', 0, '2019-04-10 19:35:19', '2019-04-12 17:38:24'),
(104, 1, 'Giày Adidas', '', '', 0, 0, 0, 0, 'adidas.png', 1, 1, '', 0, '2019-04-10 19:38:17', '2019-04-10 19:49:26'),
(105, 1, 'Botanical Refresh Shampoo - Moist (Limited Edition)', '', '', 0, 0, 0, 0, 'botanist_refresh.png', 7, 29, '', 0, '2019-04-10 20:33:23', '2019-04-10 20:36:05'),
(106, 1, 'Gel Pepee', '', '', 0, 0, 1393, 0, 'gel-pepee.jpg', 11, 42, '', 0, '2019-04-10 22:07:54', '2019-04-22 16:43:32'),
(107, 1, 'Sesame Oil', '', '', 0, 0, 0, 0, 'sesame_oil.jpg', 17, 0, 'dau me', 0, '2019-04-11 00:04:21', '2019-04-11 00:06:53'),
(108, 1, 'Wakado Yamaimo Cookie 9 month', '', '', 80000, 0, 0, 0, 'wakado_yamaimo_cookie.jpg', 17, 35, '', 0, '2019-04-11 00:19:38', '2019-04-11 00:25:21'),
(109, 1, 'Muhi Seki Dome 120ml', '120 ml', '', 300000, 270000, 850, 4, 'apanman_sekidome.jpg', 10, 26, '【第（2）類医薬品】 ムヒのこどもせきどめシロップSa（イチゴ味） 120mL\r\nthuoc ho tre em', 0, '2019-04-11 00:47:49', '2019-04-22 16:43:32'),
(110, 1, 'Muhi Rhinitis Syrup for nose 120ml', '120 ml', '', 320000, 290000, 703, 5, 'muhi_nose.jpg', 10, 26, '【第（2）類医薬品】 ムヒのこども鼻炎シロップS（120mL）〔鼻炎薬〕\r\nsiro sổ mũi \r\nsiro so mui', 0, '2019-04-11 00:48:24', '2019-04-22 16:43:32'),
(111, 1, 'Muhi  Kaze Ichigo Syrup', '', '', 0, 0, 0, 0, 'muhi_kaze.jpg', 10, 26, '【第（2）類医薬品】 ムヒのこどもかぜシロップイチゴ味（Sa）（120mL）〔風邪薬〕\r\nsiro trị cam vi dau', 0, '2019-04-11 00:57:06', '2019-04-11 01:03:15'),
(112, 1, 'Muhi  Kaze Peach Syrup', '', '', 0, 0, 0, 0, 'muhi_kaze_peach.jpg', 10, 26, '【第（2）類医薬品】 ムヒのこどもかぜシロップイチゴ味（Sa）（120mL）〔風邪薬〕\r\nsiro trị cam vi dau', 0, '2019-04-11 01:03:34', '2019-04-11 01:04:23'),
(113, 1, 'Fine Omega EPA + DHA Krill Oil 150 tablets', '', '', 820000, 800000, 0, 0, 'omega.jpg', 10, 48, 'ファイン オメガEPA+DHAクリルオイル 150粒', 0, '2019-04-11 02:14:32', '2019-04-15 16:50:32'),
(114, 1, 'DHC Kokusai Perfect Vegetables 60 days', '60 days', 'bịch', 380000, 340000, 1215, 1, 'dhc_kokusai_perfect_yasai.jpg', 10, 9, 'DHC 国産パーフェクト野菜プレミアム 60日分 240粒 \r\nVien uong rau cu\r\n🥬🥬🥬🥬🥬Viên uống dhc rau củ 60 ngày 240 viên:\r\n🥬Viên rau củ quả DHC Nhật Bản bổ sung 32 loại rau xanh, củ quả cung cấp nhiều dưỡng chất cơ bản cần thiết cho cơ thể, dành cho những bạn bận rộn không có thời gian ăn uống đủ chất, hay những bạn ghét và lười ăn rau, tránh được nhiều căn bệnh như nóng người, nổi mụn, táo bón…\r\n🥬Viên rau củ DHC cùng với bột lá lúa non grass barley và bột rau xanh Orihiro của Nhật nằm trong top sản phẩm bổ sung chất xơ bán chạy nhất ở Nhật năm 2018 vừa rồi: thành phần giàu chất xơ, axit amin, khoáng cho người ăn uống thiếu chất, tạo bón, nóng trong cơ thể.\r\n🥬Viên rau củ quả DHC là sản phẩm bổ sung chất xơ dạng viên, được sản xuất từ 32 loại rau củ quả cung cấp dinh dưỡng cơ bản cần thiết cho cơ thể. Cần thiết cho những người bận rộn hoặc những người không thích ăn rau xanh, củ quả hàng ngày.\r\nSản phẩm thích hợp với mọi người: người già, trẻ nhỏ ăn uống kém, người lớn. người đang trong thời kỳ chữa bệnh mãn tính.\r\n🥬🥬🥬Viên rau củ quả DHC Nhật Bản gồm những loại rau gì?\r\nViên rau củ quả Nhật Bản DHC với đầy đủ các thành phần dưỡng chất từ : bột lúa mạch,cải xoăn , một số loại rau màu xanh lá cây: lúa mạch non, cải xoăn, cà rốt, cà chua, khoai lang, hành tây, bí ngô, ngô ngọt , khoai lang tím, bắp cải, tía tô đỏ, rau bina, lá củ cải, củ sen, nozawana, choy bok, cải thảo, hành lá, tỏi, gừng, rau mùi tây, cây ngưu bàng, bông cải xanh, cần tây, lá mai, mướp đắng, cây ngải, cỏ linh lăng, đậu xanh, măng tây khí, tía tô màu xanh.\r\n\r\n🥬🥬🥬Thành phần viên uống dhc rau củ Nhật Bản gồm:\r\nCà rốt, cà chua, bí ngô, bắp, khoai lang, bắp cải, măng tây; lá củ cải, củ sen và lúa mạch, cải xoăn, hành tây, bí ngô, ngô ngọt, khoai lang tím; tía tô đỏ, rau bina, lá củ cải, hoa sen gốc; Nozawana, bok-choy, cải bắp Trung Quốc; bột rau, hành lá, tỏi, gừng, rau mùi tây, cây ngưu bàng, bông cải xanh; cần tây, lá, mướp đắng, ngải cứu, cỏ linh lăng, đậu xanh, măng tây, tía tô…\r\n\r\n🥬🥬🥬Viên rau củ DHC phù hợp với những ai?\r\n🥬Người bận rộn khó bổ sung rau xanh vào bữa ăn hàng ngày\r\n🥬Người hay bị táo bón, nổi mụn\r\n🥬Người ăn kiêng, người chỉ ăn được một hoặc 1 vài loại rau\r\n🥬Người lười hoặc ghét ăn rau\r\n\r\n🥬🥬🥬Cách sử dụng viên rau củ quả DHC:\r\nMỗi ngày 4 viên, có thể chia đều ra uống hay uống cùng 1 lúc trong ngày sau khi ăn', 0, '2019-04-11 12:12:18', '2019-04-22 16:43:32'),
(115, 1, 'The Collagen Ex 120 cap', '120 viên', '', 1225000, 1175000, 4549, 0, 'shiseido-collagen-ex.jpg', 7, 7, 'TheCollagen（ザ・コラーゲン） EX タブレット 120粒', 0, '2019-04-11 12:50:28', '2019-04-22 16:43:32'),
(116, 1, 'Chlorella Royal Dex 1550 cap', '1550 viên', '', 0, 0, 2750, 0, 'chlorella_royal_dx_1550.jpg', 8, 0, 'クロレラロイヤルDX 51-103日分 1550粒\r\ntảo lục hoàng gia\r\ntao luc hoang gia', 0, '2019-04-11 12:58:13', '2019-04-22 16:43:32'),
(117, 1, 'Mama Ramune 200 cap', '200 viên', '', 470000, 450000, 1598, 4, 'mama-ramune-200.jpg', 8, 40, 'ﾏﾏﾗﾑﾈ　200粒\r\nKẹo biếng ăn cho trẻ\r\nKeo bieng an cho tre\r\n\r\nPhân phối L-Arginine, canxi và vitamin A C E\r\nTan chảy trong miệng, có thể uống không cần nước\r\nVị sữa dâu, bất cứ trẻ e nào cũng dễ dàng ăn được', 0, '2019-04-11 13:03:39', '2019-04-22 16:43:32'),
(118, 1, 'Mama Jelly 200 cap', '200 viên', '', 470000, 450000, 1216, 2, 'mama-jelly.jpg', 8, 40, 'ﾏﾏ青汁ジェリー　200粒\r\nKẹo biếng ăn cho trẻ\r\nKeo bieng an cho tre\r\n\r\nVị trái cây dạng thạch, bổ sung vitamin A C E, enzim, Lactoferrin\r\n', 0, '2019-04-11 13:06:04', '2019-04-22 16:43:32'),
(119, 1, 'Eye Love Mama Ramune 200 cap', '200 viên', '', 470000, 450000, 1598, 1, 'eyelove-mama-ramune.jpg', 8, 40, 'ｱｲﾗﾌﾞﾏﾏﾗﾑﾈ　200粒\r\nKẹo biếng ăn cho trẻ\r\nKeo bieng an cho tre\r\n\r\nchiết xuất từ blue berry giàu Anthocyanin, tăng hàm lượng vitamin A\r\nPhân phối Arginine, canxi và vitamin A C E\r\nbằng sự kết hợp vị sữa + vị blue berry ức chế vị chua, nên trẻ nhỏ cũng dễ ăn', 0, '2019-04-11 13:08:40', '2019-04-22 16:43:32'),
(120, 1, 'Canxi Gumi BCAA (yogurt) 180 cap', '180 viên', '', 470000, 450000, 4400, 0, 'canxi-gumi.jpg', 8, 0, 'カルシウムグミBCAA (ヨーグルト味) 180粒入 (60日分)\r\nKeo canxi tang truong chieu cao', 0, '2019-04-11 13:14:18', '2019-04-22 16:43:32'),
(121, 1, 'Everish Ocha Scrub Face Wash 135g', '135 g', '', 190000, 140000, 440, 0, 'everish-matcha.jpg', 21, 39, 'everish（エブリッシュ）お茶スクラブ洗顔（135g）〔洗顔フォーム〕', 0, '2019-04-11 13:25:33', '2019-04-22 16:43:32'),
(122, 1, 'Everish Charcoal Scrub Face Wash 135g', '135 g', '', 0, 0, 0, 0, 'everish-charcoal.jpg', 21, 39, 'everish（エブリッシュ）炭スクラブ洗顔（135g）〔洗顔フォーム〕', 0, '2019-04-11 13:26:36', '2019-04-12 14:48:43'),
(123, 1, 'Everish Aloe Scrub Face Wash 135g', '135 g', '', 0, 0, 0, 0, 'everish-aloe.jpg', 21, 39, 'everish（エブリッシュ） アロエスクラブ洗顔（135g）〔洗顔フォーム〕', 0, '2019-04-11 13:30:15', '2019-04-12 14:49:07'),
(124, 1, 'Everish White Clay Scrub Face Wash 120g', '120 g', '', 0, 0, 0, 0, 'everish-white-clay.jpg', 21, 39, 'everish（エブリッシュ） ホワイトクレイスクラブ洗顔 （120g）〔洗顔料〕', 0, '2019-04-11 13:35:05', '2019-04-12 14:49:21'),
(125, 1, 'Fruit juice gummy - GrapeFruit 68g', '68 g', '', 50000, 45000, 0, 0, 'meiji_gumi_iron.jpg', 23, 36, '果汁グミ鉄分グレープフルーツ\r\nThành phần sắt 4mg\r\n- Có thể cảm nhận vị chua ngay ngất và hương vị chín ngọt của bưởi\r\n- Có thể hấp thụ hàm lượng 4mg sắt bằng 17g (tiếu cuẩn 5 viên)\r\n(Lượng thiếu hụt sắt trong ngày của phụ nữ tuổi 20: 3.9mg)\r\n- Bạn của phụ nữ tuyệt vời đem đến chu kỳ sinh hoạt tốt đầy cảm hứng\r\n- Mỗi ngày rạng ngời, bằng cách bổ sung đúng cách hàm lượng sắt có xu hướng bị thiếu.\r\n- Hãy tạo thói quen ngon đẹp, khéo léo tốt đẹp bằng cách sử dụng kẹo dẽo trái cây', 0, '2019-04-12 15:07:29', '2019-04-12 16:03:21'),
(126, 1, 'Fruit juice gummy - Ginger Aleup 100g', '100 g', '', 50000, 45000, 0, 0, 'meiji_gumi_gung.jpg', 23, 36, '', 0, '2019-04-12 15:09:11', '2019-04-12 15:55:02'),
(127, 1, 'Fruit juice gummy - Peach', '', '', 50000, 45000, 0, 0, 'meiji_gumi_dao.jpg', 23, 36, '', 0, '2019-04-12 15:55:26', '2019-04-12 15:56:42'),
(128, 1, 'Fruit juice gummy - Strawberry', '', '', 50000, 45000, 100, 1, 'meiji_gumi_dau.jpg', 23, 36, '', 0, '2019-04-12 15:55:55', '2019-04-22 16:43:32'),
(129, 1, 'Fruit juice gummy - Collagen', '', '', 50000, 45000, 0, 0, 'meiji_gumi_kolagen.jpg', 23, 36, '1 gói bổ sung 5000mg Collagen', 0, '2019-04-12 15:57:37', '2019-04-12 16:00:19'),
(130, 1, 'Fruit juice gummy - Grape', '', '', 50000, 45000, 100, 4, 'meiji_gumi_nho-den.jpg', 23, 36, '', 0, '2019-04-12 16:05:23', '2019-04-22 16:43:32'),
(131, 1, 'Fruit juice gummy - Apple', '', '', 50000, 45000, 95, 4, 'meiji_gumi_tao.jpg', 23, 36, 'táo', 0, '2019-04-12 16:25:13', '2019-04-22 16:43:32'),
(132, 1, 'Fruit juice gummy - Mikan', '', '', 50000, 45000, 100, 4, 'meiji_gumi_cam.jpg', 23, 36, '', 0, '2019-04-12 16:25:51', '2019-04-22 16:43:32'),
(133, 1, 'Fruit juice gummy - Colaup', '', '', 50000, 45000, 0, 0, 'meiji_gumi_colaup.jpg', 23, 36, '', 0, '2019-04-12 16:27:31', '2019-04-12 16:27:47'),
(134, 1, 'UHA Kororo - Peach', '', '', 50000, 45000, 95, 2, 'uha-kororo-gumi-dao.jpg', 23, 38, '', 0, '2019-04-12 16:35:06', '2019-04-22 16:43:32'),
(135, 1, 'UHA Kororo - Strawberry', '', '', 50000, 45000, 0, 2, 'uha-kororo-gumi-dau.jpg', 23, 38, 'dâu', 0, '2019-04-12 16:36:06', '2019-04-16 17:43:14'),
(136, 1, 'UHA Kororo - Melon', '', '', 50000, 45000, 95, 3, 'uha-kororo-gumi-meron.jpg', 23, 38, 'dưa lưới', 0, '2019-04-12 16:36:39', '2019-04-22 16:43:32'),
(137, 1, 'Sekkisei Premium Set', '', 'bộ', 2240000, 2200000, 10000, 2, '55933670_2279366722127682_4437331979960057856_n.jpg', 7, 18, '🌹🌹🌹🌹🌹Nước hoa hồng Kose Medicated Sekkisei Lotion 200ml:\r\n🌹Dòng mỹ phẩm chăm sóc da KOSE SEKKISEI của hãng mỹ phẩm Kosé danh tiếng hàng đầu tại Nhật Bản giới thiệu sản phẩm nước hoa hồng cung cấp ẩm, làm mềm và sáng da, ngăn chặn sự hình thành hắc tố. Da sẽ được giữ ẩm và mát dịu trong suốt thời gian sử dụng, hấp thu tối đa dưỡng chất từ kem dưỡng.\r\n🌹Nước hoa hồng Kose Sekkisei Medicated Lotion kết hợp thành phần chiết xuất hơn 30 loại thảo dược tinh túy, an toàn và không gây kích ứng da, các sản phẩm trong dòng Sekkisei cung cấp đầy đủ độ ẩm, giúp ngăn chặn việc hình thành hắc tố da đồng thời xóa mờ tối đa các vết thâm nám, đốm đen, giúp làn da trắng sáng rạng rỡ.\r\n🌹Kose Sekkisei Medicated Lotion cung cấp ẩm, làm mềm và sáng da, ngăn chặn sự hình thành hắc tố. Da sẽ được giữ ẩm và mát dịu trong suốt thời gian sử dụng, hấp thu tối đa dưỡng chất từ kem dưỡng.Bạn sẽ cảm nhận ngay làn da mát dịu ngay sau khi sử dụng. Nên sử dụng Lotion với kem dưỡng để tăng cường hiệu quả tối đa.\r\n\r\n🌹🌹🌹Cách dùng nước hoa hồng Kose Medicated Sekkisei Lotion Nhật Bản:\r\nSáng & tối. Sau khi rửa sạch mặt, thấm 1 lượng nhỏ vào miếng bông, lau đều khắp mặt và cổ. Kết thúc bằng vỗ nhẹ các ngón ta vào mặt để tinh chất được thấm sâu.\r\n\r\n🌹🌹🌹🌹🌹Sữa dưỡng trắng da Kose Sekkisei Medicated 140ml:\r\nSữa dưỡng trắng da Kose Sekkisei Medicated 140ml là dòng mỹ phẩm cao cấp của thương hiệu Kose nổi tiếng hàng đầu Nhật Bản với chiết xuất từ hơn 30 loại thảo dược thiên nhiên sẽ cung cấp độ ẩm và dưỡng trắng da hiệu quả cho bạn làn da chắc khỏe, sáng mịn đầy sức sống.\r\n\r\n🌹🌹🌹Công dụng của sữa dưỡng trắng da Kose:\r\n🌹Sữa dưỡng da Kose Sekkisei Medicated làm sáng da, bảo vệ da, giảm sự sản sinh hắc tố melanin để ngăn ngừa tàn nhang, giúp da dần trắng sáng tự nhiên.\r\n🌹Cung cấp đầy đủ độ ẩm, giúp ngăn chặn việc hình thành hắc tố melanin làm sạm da đồng thời xóa mờ tối đa các vết thâm nám, đốm đen giúp làn da trắng sáng rạng rỡ và mang lại hiệu quả chăm sóc da tối ưu. \r\n🌹Có thể sử dụng như kem lót trang điểm cho nền da mượt mà và rạng rỡ hơn.\r\n🌹Sữa dưỡng da Kose dễ dàng thẩm thấu vào các tế bào sâu trong da, không làm dính khó chịu và thoải mái khi sử dụng.\r\n\r\n🌹🌹🌹Hướng dẫn sử dụng:\r\nDùng sữa dưỡng Kose vào buổi sáng, sau khi dùng nước hoa hồng, lấy 1 lượng kem vừa đủ, chấm kem vào 5 điểm trên mặt, thoa đều khắp mặt và cổ.', 0, '2019-04-12 16:40:23', '2019-04-22 16:43:32'),
(138, 1, 'RyuKaKuSan Direct Mint 6ps', '', '', 0, 0, 547, 0, 'direct-mint.png', 10, 43, '', 0, '2019-04-13 22:37:09', '2019-04-22 16:43:32'),
(139, 1, 'RyuKaKuSan Direct Peach 6ps', '', '', 0, 0, 547, 0, 'direct-peach.png', 10, 43, 'đào', 0, '2019-04-13 22:38:33', '2019-04-22 16:43:32'),
(140, 1, 'RyuKaKuSan Direct Mango 6cap', '6 viên', '', 0, 0, 547, 0, 'direct-mango.png', 10, 43, 'xoài', 0, '2019-04-13 22:39:40', '2019-04-22 16:43:32'),
(141, 1, 'Pavlon Gold A 210 cap', '210 viên', '', 0, 0, 1382, 0, 'pavlon-gold-A.jpg', 10, 44, '', 0, '2019-04-13 23:04:50', '2019-04-22 16:43:32'),
(142, 1, 'UHA Kororo - Grape', '', '', 50000, 45000, 95, 0, 'uha-kororo-gumi-grape.jpg', 23, 38, 'nho đỏ', 0, '2019-04-13 23:29:06', '2019-04-22 16:43:32'),
(143, 1, 'UHA Kororo - Muscat', '', '', 50000, 45000, 95, 0, 'uha-kororo-gumi-muscat.jpg', 23, 38, 'nho xanh', 0, '2019-04-13 23:29:42', '2019-04-22 16:43:32'),
(144, 1, 'Natural Honey Lip', '', '', 200000, 0, 0, 0, 'natural-honey-lip.jpg', 18, 45, '', 0, '2019-04-13 23:58:58', '2019-04-14 03:08:34'),
(145, 1, 'Son Kate', '', '', 300000, 0, 0, 0, NULL, 18, 50, '', 0, '2019-04-13 23:58:58', '2019-04-15 16:50:03'),
(146, 1, 'Son Revlon', '', '', 400000, 0, 0, 0, NULL, 18, 33, '', 0, '2019-04-14 00:14:48', '2019-04-15 16:49:16'),
(147, 1, 'Son Shiseido', '', '', 630000, 0, 0, 0, NULL, 18, 7, '', 0, '2019-04-14 00:16:44', '2019-04-14 00:19:29'),
(148, 1, 'Soap For Back Soap', '', '', 150000, 0, 0, 0, 'for-back-soap.jpg', 16, 49, '薬用石鹸ForBack 135g', 0, '2019-04-14 00:20:30', '2019-04-15 16:48:08'),
(149, 1, 'Shu Uemura Rouge Unlimited Supreme Matte', '', '', 550000, 0, 0, 0, 'Shu-Uemura-Rouge-Unlimited-Supreme-Matte.jpg', 18, 16, '', 0, '2019-04-14 00:51:29', '2019-04-14 03:14:17'),
(150, 1, 'Muji Loose Powder Natural 18g', '18 g', '', 410000, 350000, 0, 0, 'muji-loose-powder-natural.jpg', 7, 46, '', 0, '2019-04-14 01:38:29', '2019-04-15 16:43:20'),
(151, 1, 'Muji Peel Cotton 162 sheets', '', '', 120000, 0, 449, 0, 'muji-coton.jpg', 7, 46, 'bong tay trang', 0, '2019-04-14 01:38:42', '2019-04-22 16:43:32'),
(152, 1, 'Melano CC Vitamin White Mist', '', '', 280000, 230000, 0, 0, 'xit-khoang-cc-melano-cua-nhat.jpg', 7, 14, '', 0, '2019-04-14 01:42:03', '2019-04-14 13:12:40'),
(153, 1, 'Qoo Jelly Drink Grape', '', '', 0, 0, 0, 0, 'Qoo-drin-grape.jpg', 17, 47, '', 0, '2019-04-14 01:50:55', '2019-04-15 16:44:32'),
(154, 1, 'Fine Bifizusu KIN Juhre', '', '', 350000, 300000, 987, 1, 'bifizusuko-jure.jpg', 8, 48, ' ファイン ビフィズス菌\r\nmen tieu hoa', 0, '2019-04-14 02:01:42', '2019-04-22 16:43:32'),
(155, 1, 'Orihiro Okusai Organic Green Juice 30ps', '30 packages', '', 350000, 0, 0, 0, 'orihiro-kokusai-oganic-aoju.jpg', 17, 20, '', 0, '2019-04-14 02:08:15', '2019-04-14 13:06:59'),
(156, 1, 'Mix Fruit juice gummy', '', '', 50000, 45000, 0, 0, 'meiji-mix-gummy.jpg', 23, 36, '', 0, '2019-04-14 02:08:26', '2019-04-16 17:43:14'),
(157, 1, 'Slim Up Slim Cafe Latte Colalgen 360g', '360g', '', 650000, 550000, 0, 2, 'slimup-caef-latte-colalgen.jpg', 9, 8, 'collagen', 0, '2019-04-15 11:24:33', '2019-04-15 11:39:31'),
(158, 1, 'Muhi  Children Eyedrops 15ml', '15 ml', '', 160000, 130000, 512, 0, 'muhi-eyedrops.jpg', 13, 26, '【第3類医薬品】ムヒのこども目薬 15mL', 0, '2019-04-17 15:40:24', '2019-04-22 16:43:32'),
(159, 1, 'Chikunain 56 caps', '56 viên', '', 500000, 470000, 1665, 0, 'chikunain.jpg', 10, 37, '【第2類医薬品】チクナインb 56錠\r\nthuoc viem mui', 0, '2019-04-17 16:07:56', '2019-04-22 16:43:32'),
(160, 1, 'Nissin Mug Noodle 2tp', '', '', 80000, 75000, 195, 6, 'nissin-mug-noodle.jpg', 17, 53, '', 0, '2019-04-17 16:58:51', '2019-04-22 16:43:32'),
(161, 1, 'Dai Ginjo Sake Kasu Mask 33 (peach sake)', '', '', 370000, 320000, 703, 3, 'sake-kasu-face-mask.jpg', 24, 0, '大吟醸酒粕マスク　桃酒の香り（３３枚入り）', 0, '2019-04-18 10:48:12', '2019-04-22 16:43:32'),
(162, 1, 'Muji Mairudo Oil Cleansing 400ml', '400 ml', '', 450000, 390000, 1071, 0, 'muji-mairudo-oil-cleansing.jpg', 7, 46, '', 0, '2019-04-19 22:51:01', '2019-04-22 16:43:32'),
(163, 1, 'Son MaybeLine', '', '', 470000, 420000, 1620, 0, NULL, 18, 0, '', 0, '2019-04-21 00:36:15', '2019-04-22 16:43:32'),
(164, 1, 'Chondroitin ZS Tablets 180 (tablets)', '180 viên', 'hủ', 1450000, 1380000, 0, 0, 'chonroitin_zs_270.jpg', 10, 17, 'コンドロチンZS錠（180錠）', 0, '2019-04-21 12:39:03', '2019-04-21 12:40:17'),
(165, 1, 'Chondroitin ZS Tablets 108 (tablets)', '108 viên', 'hủ', 1000000, 930000, 0, 0, 'chonroitin_zs_270.jpg', 10, 17, 'コンドロチンZS錠（108錠）', 0, '2019-04-21 12:40:28', '2019-04-21 12:41:01');

-- --------------------------------------------------------

--
-- テーブルの構造 `products_prices`
--

CREATE TABLE `products_prices` (
  `id` int(10) UNSIGNED NOT NULL,
  `product_id` int(10) UNSIGNED NOT NULL,
  `price` float UNSIGNED NOT NULL DEFAULT '0',
  `remarks` varchar(400) COLLATE utf8mb4_unicode_ci DEFAULT NULL,
  `created` datetime NOT NULL
) ENGINE=InnoDB DEFAULT CHARSET=utf8mb4 COLLATE=utf8mb4_unicode_ci;

-- --------------------------------------------------------

--
-- テーブルの構造 `products_quantities`
--

CREATE TABLE `products_quantities` (
  `id` int(10) UNSIGNED NOT NULL,
  `user_id` int(10) UNSIGNED NOT NULL,
  `product_id` int(10) UNSIGNED NOT NULL,
  `warehouse_id` tinyint(3) UNSIGNED NOT NULL,
  `quantity` smallint(6) NOT NULL
) ENGINE=InnoDB DEFAULT CHARSET=utf8mb4 COLLATE=utf8mb4_unicode_ci;

--
-- テーブルのデータのダンプ `products_quantities`
--

INSERT INTO `products_quantities` (`id`, `user_id`, `product_id`, `warehouse_id`, `quantity`) VALUES
(1, 1, 9, 1, 0),
(2, 1, 1, 1, 4),
(3, 1, 15, 1, 0),
(4, 1, 10, 1, 1),
(5, 1, 8, 1, 2),
(6, 1, 11, 1, 1),
(7, 1, 30, 1, 0),
(8, 1, 4, 1, 9),
(9, 1, 13, 1, 2),
(10, 1, 16, 1, 0),
(11, 1, 31, 1, 0),
(12, 1, 14, 1, 5),
(13, 1, 32, 1, 5),
(14, 1, 26, 1, 1),
(15, 1, 33, 1, 0),
(16, 1, 34, 1, 1),
(17, 1, 1, 2, 5),
(18, 1, 27, 1, 4),
(19, 1, 27, 2, 4),
(20, 1, 24, 1, 0),
(21, 1, 4, 2, 4),
(22, 1, 35, 1, 2),
(23, 1, 35, 2, 1),
(24, 1, 36, 2, 0),
(25, 1, 26, 2, 1),
(26, 1, 37, 1, 1),
(27, 1, 37, 2, 1),
(28, 1, 11, 2, 1),
(29, 1, 14, 2, 6),
(30, 1, 38, 1, 0),
(31, 1, 39, 1, 0),
(32, 1, 8, 2, 2),
(33, 1, 10, 2, 2),
(34, 1, 22, 1, 3),
(35, 1, 22, 2, 3),
(36, 1, 20, 2, 3),
(37, 1, 20, 1, 0),
(38, 1, 21, 2, 3),
(39, 1, 21, 1, 1),
(40, 1, 40, 1, 0),
(41, 1, 41, 1, 2),
(42, 1, 41, 2, 3),
(43, 1, 29, 1, 1),
(44, 1, 29, 2, 3),
(45, 1, 42, 1, 0),
(46, 1, 2, 1, 4),
(47, 1, 2, 2, 2),
(48, 1, 5, 1, 4),
(49, 1, 5, 2, 3),
(50, 1, 43, 1, 3),
(51, 1, 43, 2, 1),
(52, 1, 46, 1, 2),
(53, 1, 46, 2, 2),
(54, 1, 47, 1, 0),
(55, 1, 48, 1, 11),
(56, 1, 49, 1, 3),
(57, 1, 49, 2, 2),
(58, 1, 50, 1, 1),
(59, 1, 50, 2, 2),
(60, 1, 51, 1, 6),
(61, 1, 51, 2, 3),
(62, 1, 52, 1, 3),
(63, 1, 52, 2, 2),
(64, 1, 53, 1, 0),
(65, 1, 54, 1, 4),
(66, 1, 56, 1, 0),
(67, 1, 57, 1, 1),
(68, 1, 58, 1, 2),
(69, 1, 59, 1, 0),
(70, 1, 59, 2, 2),
(71, 1, 34, 2, 1),
(72, 1, 61, 1, 3),
(73, 1, 23, 1, 5),
(74, 1, 62, 1, 4),
(75, 1, 63, 1, 5),
(76, 1, 44, 1, 9),
(77, 1, 82, 1, 0),
(78, 1, 80, 1, 0),
(79, 1, 76, 1, 0),
(80, 1, 77, 1, 0),
(81, 1, 84, 1, 3),
(82, 1, 84, 2, 2),
(83, 1, 45, 1, 0),
(84, 1, 3, 1, 0),
(85, 1, 19, 1, 0),
(86, 1, 86, 1, 0),
(87, 1, 87, 1, 0),
(88, 1, 88, 1, 0),
(89, 1, 89, 1, 0),
(90, 1, 90, 1, 0),
(91, 1, 91, 1, 0),
(92, 1, 92, 1, 0),
(93, 1, 93, 1, 0),
(94, 1, 94, 1, 0),
(95, 1, 95, 1, 0),
(96, 1, 96, 1, 0),
(97, 1, 97, 1, 0),
(98, 1, 98, 2, 0),
(99, 1, 13, 2, 1),
(100, 1, 99, 1, 0),
(101, 1, 69, 1, 0),
(102, 1, 17, 1, 0),
(103, 1, 18, 1, 1),
(104, 1, 100, 1, 0),
(105, 1, 64, 1, 0),
(106, 1, 101, 1, 0),
(107, 1, 102, 1, 0),
(108, 1, 103, 1, 0),
(109, 1, 104, 1, 0),
(110, 1, 105, 2, 0),
(111, 1, 106, 1, 0),
(112, 1, 107, 1, 0),
(113, 1, 108, 1, 0),
(114, 1, 70, 1, 0),
(115, 1, 109, 1, 4),
(116, 1, 110, 1, 5),
(117, 1, 67, 1, 1),
(118, 1, 65, 1, 0),
(119, 1, 66, 1, 0),
(120, 1, 113, 1, 0),
(121, 1, 25, 1, 0),
(122, 1, 71, 1, 0),
(123, 1, 48, 2, 2),
(124, 1, 114, 1, 1),
(125, 1, 115, 1, 0),
(126, 1, 116, 1, 0),
(127, 1, 117, 1, 4),
(128, 1, 120, 1, 0),
(129, 1, 121, 1, 0),
(130, 1, 61, 2, 2),
(131, 1, 6, 2, 0),
(132, 1, 19, 2, 2),
(133, 1, 24, 2, 1),
(134, 1, 119, 1, 1),
(135, 1, 118, 1, 2),
(136, 1, 137, 1, 2),
(137, 1, 138, 1, 0),
(138, 1, 139, 1, 0),
(139, 1, 140, 1, 0),
(140, 1, 141, 1, 0),
(141, 1, 128, 1, 1),
(142, 1, 132, 1, 4),
(143, 1, 130, 1, 4),
(144, 1, 134, 1, 2),
(145, 1, 142, 1, 0),
(146, 1, 143, 1, 0),
(147, 1, 136, 1, 3),
(148, 1, 131, 1, 4),
(149, 1, 72, 1, 0),
(150, 1, 144, 1, 0),
(151, 1, 145, 1, 0),
(152, 1, 146, 1, 0),
(153, 1, 147, 1, 0),
(154, 1, 148, 1, 0),
(155, 1, 135, 1, 2),
(156, 1, 149, 1, 0),
(157, 1, 150, 1, 0),
(158, 1, 151, 1, 0),
(159, 1, 152, 1, 0),
(160, 1, 153, 1, 0),
(161, 1, 154, 1, 1),
(162, 1, 155, 1, 0),
(163, 1, 7, 1, 3),
(164, 1, 157, 1, 2),
(165, 1, 68, 1, 1),
(166, 1, 36, 1, 1),
(167, 1, 45, 2, 1),
(168, 1, 3, 2, 1),
(169, 1, 62, 2, 1),
(170, 1, 156, 1, 0),
(171, 1, 158, 1, 0),
(172, 1, 159, 1, 0),
(173, 1, 161, 1, 3),
(174, 1, 162, 1, 0),
(175, 1, 163, 1, 0),
(176, 1, 160, 1, 6);

-- --------------------------------------------------------

--
-- テーブルの構造 `product_ins`
--

CREATE TABLE `product_ins` (
  `id` bigint(20) UNSIGNED NOT NULL,
  `product_id` bigint(20) UNSIGNED NOT NULL,
  `warehouse_id` tinyint(3) UNSIGNED NOT NULL,
  `market_price` float UNSIGNED NOT NULL DEFAULT '0',
  `purchase_price` float UNSIGNED NOT NULL DEFAULT '0',
  `saleprice` float UNSIGNED NOT NULL DEFAULT '0',
  `quantity` smallint(6) NOT NULL DEFAULT '0',
  `remarks` varchar(400) COLLATE utf8mb4_unicode_ci DEFAULT NULL,
  `created` datetime NOT NULL,
  `updated` datetime NOT NULL
) ENGINE=InnoDB DEFAULT CHARSET=utf8mb4 COLLATE=utf8mb4_unicode_ci;

--
-- テーブルのデータのダンプ `product_ins`
--

INSERT INTO `product_ins` (`id`, `product_id`, `warehouse_id`, `market_price`, `purchase_price`, `saleprice`, `quantity`, `remarks`, `created`, `updated`) VALUES
(1, 9, 1, 3600, 3130, 763000, 2, 'amazon', '2019-02-26 11:26:57', '2019-02-26 11:26:57'),
(2, 1, 1, 1880, 1880, 650000, 10, 'Donki Shinjuku', '2019-02-26 11:28:59', '2019-02-26 11:28:59'),
(3, 15, 1, 340, 321, 160000, 2, '', '2019-02-26 00:00:00', '2019-02-26 11:32:08'),
(4, 15, 1, 340, 348, 90000, 10, '', '2019-02-27 11:37:32', '2019-02-27 11:37:32'),
(5, 10, 1, 4000, 3600, 1100000, 1, 'amazon', '2019-02-26 11:47:00', '2019-02-26 11:47:00'),
(6, 8, 1, 4000, 3778, 848000, 4, 'amazon', '2019-02-26 11:50:04', '2019-02-26 11:50:04'),
(7, 11, 1, 6800, 5378, 1500000, 5, 'amazon', '2019-02-26 11:56:27', '2019-02-26 11:56:27'),
(8, 30, 1, 400, 298, 140000, 10, '', '2019-02-26 12:23:14', '2019-02-26 12:23:14'),
(9, 4, 1, 645, 645, 200000, 4, '', '2019-02-26 12:26:42', '2019-02-26 12:26:42'),
(10, 13, 1, 6800, 6050, 1600000, 1, '', '2019-02-26 12:27:47', '2019-02-26 12:27:47'),
(11, 16, 1, 398, 398, 150000, 4, '', '2019-02-26 12:29:36', '2019-02-26 12:29:36'),
(12, 16, 1, 398, 327, 150000, 20, '', '2019-02-27 12:30:01', '2019-02-27 12:30:01'),
(13, 31, 1, 2580, 2580, 555000, 1, '', '2019-02-26 12:51:51', '2019-02-26 12:51:51'),
(14, 1, 1, 1880, 1880, 650000, 1, '', '2019-03-02 13:02:12', '2019-03-02 13:02:12'),
(15, 13, 1, 6800, 6050, 1450000, 1, '', '2019-03-02 13:05:09', '2019-03-02 13:05:09'),
(16, 14, 1, 2570, 2460, 750000, 5, '', '2019-03-02 13:10:09', '2019-03-02 13:10:09'),
(17, 32, 1, 906, 906, 220000, 1, 'donki shibuya', '2019-03-02 13:26:14', '2019-03-02 13:26:14'),
(18, 26, 1, 4800, 3888, 1100000, 2, 'rakuten', '2019-03-02 13:27:32', '2019-03-02 13:27:32'),
(19, 4, 1, 645, 645, 200000, 1, '', '2019-03-13 15:41:20', '2019-03-13 15:41:20'),
(20, 33, 1, 2138, 2138, 600000, 2, '', '2019-03-13 15:42:10', '2019-03-13 15:42:10'),
(21, 34, 1, 2138, 2138, 550000, 2, '', '2019-03-13 15:42:38', '2019-03-13 15:42:38'),
(22, 1, 1, 1880, 1356, 650000, 5, 'rakuten', '2019-03-13 15:47:25', '2019-03-13 15:47:25'),
(23, 1, 2, 1880, 1356, 650000, 5, 'rakuten', '2019-03-13 15:47:45', '2019-03-13 15:47:45'),
(24, 27, 1, 540, 540, 500000, 7, 'donki baba', '2019-03-13 15:57:41', '2019-03-13 15:57:41'),
(25, 27, 2, 540, 540, 500000, 4, 'donki baba', '2019-03-13 15:58:02', '2019-03-13 15:58:02'),
(26, 24, 1, 1049, 1049, 450000, 1, 'bic shinjuku', '2019-03-13 16:12:53', '2019-03-13 16:12:53'),
(27, 4, 1, 772, 590, 200000, 6, 'rakuten', '2019-03-13 16:45:32', '2019-03-13 16:45:32'),
(28, 4, 2, 772, 590, 200000, 5, 'rakuten', '2019-03-13 16:45:52', '2019-03-13 16:45:52'),
(29, 35, 1, 1296, 768, 320000, 2, 'amazon', '2019-03-13 17:01:21', '2019-03-13 17:01:21'),
(30, 35, 2, 1296, 768, 320000, 2, 'amazon', '2019-03-13 17:01:45', '2019-03-13 17:01:45'),
(31, 36, 2, 1296, 800, 320000, 2, 'amazon', '2019-03-13 17:08:25', '2019-03-13 17:08:25'),
(32, 26, 1, 4800, 2592, 1100000, 2, 'rakuten', '2019-03-13 17:17:27', '2019-03-13 17:17:27'),
(33, 26, 2, 4800, 2592, 1100000, 2, 'rakuten', '2019-03-13 17:17:49', '2019-03-13 17:17:49'),
(34, 37, 1, 1093, 1093, 350000, 1, 'bic shinjuku', '2019-03-13 17:44:09', '2019-03-13 17:44:09'),
(35, 37, 2, 1093, 1093, 350000, 1, 'bic shinjuku', '2019-03-13 17:44:49', '2019-03-13 17:44:49'),
(36, 37, 1, 1093, 969, 350000, 1, '', '2019-03-13 17:45:16', '2019-03-13 17:45:16'),
(37, 11, 1, 6800, 5378, 1500000, 2, 'amazon', '2019-03-13 17:57:44', '2019-03-13 17:57:44'),
(38, 11, 2, 6800, 5378, 1500000, 1, 'amazon', '2019-03-13 17:57:55', '2019-03-13 17:57:55'),
(39, 14, 1, 2570, 2441, 750000, 6, 'rakuten', '2019-03-13 18:10:27', '2019-03-13 18:10:27'),
(40, 14, 2, 2460, 2460, 750000, 5, 'sundrug', '2019-03-13 18:15:21', '2019-03-13 18:15:21'),
(41, 38, 1, 1990, 1814, 570000, 2, 'amazon', '2019-03-16 18:33:14', '2019-03-16 18:33:14'),
(42, 39, 1, 5076, 4980, 1150000, 1, 'amazon', '2019-03-16 18:45:02', '2019-03-16 18:45:02'),
(43, 8, 1, 4000, 3778, 848000, 3, 'rakuten', '2019-03-16 11:20:17', '2019-03-16 11:20:17'),
(44, 8, 2, 4000, 3778, 848000, 3, 'rakuten', '2019-03-16 11:20:45', '2019-03-16 11:20:45'),
(45, 10, 1, 4000, 3420, 1100000, 2, 'amazon', '2019-03-13 12:04:53', '2019-03-13 12:04:53'),
(46, 10, 2, 4000, 3420, 1100000, 1, 'amazon', '2019-03-13 12:05:07', '2019-03-13 12:05:07'),
(47, 4, 1, 772, 590, 200000, 3, 'rakuten', '2019-03-22 13:21:49', '2019-03-22 13:21:49'),
(48, 34, 1, 2138, 2138, 550000, 1, 'sundrug shinjuku', '2019-03-22 13:26:11', '2019-03-22 13:26:11'),
(49, 22, 1, 540, 540, 200000, 3, 'donki shinjuku', '2019-03-22 13:56:44', '2019-03-22 13:56:44'),
(50, 22, 2, 540, 540, 200000, 3, 'donki shinjuku', '2019-03-22 13:57:01', '2019-03-22 13:57:01'),
(51, 20, 2, 540, 540, 200000, 6, 'donki shinjuku', '2019-03-22 13:57:34', '2019-03-22 13:57:34'),
(52, 20, 1, 540, 540, 200000, 2, 'donki shinjuku', '2019-03-22 13:59:04', '2019-03-22 13:59:04'),
(53, 21, 2, 540, 540, 200000, 3, 'donki shinjuku', '2019-03-22 14:00:00', '2019-03-22 14:00:00'),
(54, 21, 1, 540, 540, 200000, 2, 'donki shinjuku', '2019-03-22 14:00:15', '2019-03-22 14:00:15'),
(55, 40, 1, 1640, 1640, 570000, 1, 'bic shinjuku', '2019-03-22 14:16:17', '2019-03-22 14:16:17'),
(56, 41, 1, 1332, 861, 350000, 2, 'shinjuku\nđối diện donki', '2019-03-22 14:43:51', '2019-03-22 14:43:51'),
(57, 41, 2, 1332, 861, 350000, 3, 'shinjuku\nđối diện donki', '2019-03-22 14:44:34', '2019-03-22 14:44:34'),
(58, 29, 1, 1058, 540, 350000, 2, 'donki shinjuku', '2019-03-22 14:51:17', '2019-03-22 14:51:17'),
(59, 29, 2, 1058, 540, 350000, 3, 'donki shinjuku', '2019-03-22 14:51:35', '2019-03-22 14:51:35'),
(60, 14, 1, 2460, 1968, 750000, 2, 'donki baba', '2019-03-22 15:14:52', '2019-03-22 15:14:52'),
(61, 14, 2, 2460, 1968, 750000, 3, 'donki baba', '2019-03-22 15:15:05', '2019-03-22 15:15:05'),
(62, 42, 1, 8710, 7500, 1900000, 3, 'bic shinjuku', '2019-03-22 15:29:42', '2019-03-22 15:29:42'),
(63, 38, 1, 2138, 2138, 570000, 1, 'bic shinjuku', '2019-03-27 01:01:10', '2019-03-27 01:01:10'),
(64, 2, 1, 2671, 1358, 650000, 5, 'sundrug shinjuku', '2019-03-27 03:21:20', '2019-03-27 03:21:20'),
(65, 2, 2, 2671, 1358, 650000, 5, 'sundrug shinjuku', '2019-03-27 03:21:36', '2019-03-27 03:21:36'),
(66, 5, 1, 2615, 1358, 650000, 5, 'sundrug shinjuku', '2019-03-27 03:22:28', '2019-03-27 03:22:28'),
(67, 5, 2, 2615, 1358, 650000, 5, 'sundrug shinjuku', '2019-03-27 03:22:44', '2019-03-27 03:22:44'),
(68, 43, 1, 3240, 2106, 700000, 4, 'sundrug giảm 35%', '2019-03-28 03:25:47', '2019-03-28 03:25:47'),
(69, 43, 2, 3240, 2106, 700000, 1, 'sundrug giảm 35%', '2019-03-28 03:26:17', '2019-03-28 03:26:17'),
(70, 46, 1, 3024, 1966, 650000, 3, 'sundrug giảm 35%', '2019-03-28 03:29:44', '2019-03-28 03:29:44'),
(71, 46, 2, 3024, 1966, 650000, 2, 'sundrug giảm 35%', '2019-03-28 03:30:09', '2019-03-28 03:30:09'),
(72, 47, 1, 3088, 2570, 800000, 1, 'bic shinjuku', '2019-03-28 04:04:02', '2019-03-28 04:04:02'),
(73, 48, 1, 1058, 753, 300000, 5, 'bic shinjuku', '2019-03-28 10:31:07', '2019-03-28 10:31:07'),
(74, 49, 1, 331, 321, 240000, 3, 'bic shinjuku', '2019-03-28 11:08:50', '2019-03-28 11:08:50'),
(75, 49, 2, 331, 321, 240000, 2, 'bic shinjuku', '2019-03-28 11:09:23', '2019-03-28 11:09:23'),
(76, 50, 1, 648, 537, 260000, 3, 'bic shinjuku', '2019-03-28 11:16:35', '2019-03-28 11:16:35'),
(77, 50, 2, 648, 573, 260000, 2, 'bic shinjuku', '2019-03-28 11:17:19', '2019-03-28 11:17:19'),
(78, 38, 1, 2138, 2138, 570000, 2, 'bic shinjuku', '2019-03-28 11:21:26', '2019-03-28 11:21:26'),
(79, 51, 1, 1345, 1004, 350000, 6, 'donki shinjuku kabukicho', '2019-03-28 13:00:42', '2019-03-28 13:00:42'),
(80, 51, 2, 1345, 1004, 350000, 4, 'donki shinjuku kabukicho', '2019-03-28 13:00:56', '2019-03-28 13:00:56'),
(81, 52, 1, 699, 606, 260000, 3, 'donki shinjuku kabukicho', '2019-03-28 13:13:37', '2019-03-28 13:13:37'),
(82, 52, 2, 699, 606, 260000, 2, 'donki shinjuku kabukicho', '2019-03-28 13:13:59', '2019-03-28 13:13:59'),
(83, 53, 1, 2678, 2138, 720000, 1, 'bic shinjuku', '2019-03-29 22:23:50', '2019-03-29 22:23:50'),
(84, 54, 1, 1420, 1382, 550000, 4, 'bic shinjuku', '2019-03-29 22:56:32', '2019-03-29 22:56:32'),
(85, 56, 1, 1058, 1058, 320000, 2, 'donki baba', '2019-03-29 00:34:43', '2019-03-29 00:34:43'),
(86, 57, 1, 1058, 1058, 320000, 2, 'donki baba', '2019-03-29 00:43:44', '2019-03-29 00:43:44'),
(87, 58, 1, 1058, 1058, 320000, 2, 'donki baba', '2019-03-29 00:43:56', '2019-03-29 00:43:56'),
(88, 59, 1, 907, 753, 310000, 3, 'bic shinjuku', '2019-03-29 01:01:39', '2019-03-29 01:01:39'),
(89, 59, 2, 907, 753, 310000, 2, 'bic shinjuku', '2019-03-29 01:02:00', '2019-03-29 01:02:00'),
(90, 34, 1, 2138, 2138, 600000, 4, 'donki kabukicho', '2019-03-29 01:36:12', '2019-03-29 01:36:12'),
(91, 34, 2, 2138, 2138, 600000, 2, 'donki kabukicho', '2019-03-29 01:36:35', '2019-03-29 01:36:35'),
(92, 61, 1, 864, 753, 300000, 1, 'donki shinjuku ĐN', '2019-03-29 01:59:14', '2019-03-29 01:59:14'),
(93, 61, 1, 864, 864, 300000, 4, 'donki kabukicho', '2019-04-04 02:00:22', '2019-04-04 02:00:22'),
(94, 23, 1, 2518, 1922, 800000, 5, 'donki shinjuku ĐN', '2019-04-04 02:14:04', '2019-04-04 02:14:04'),
(95, 62, 1, 2518, 1922, 800000, 5, 'donki shinjuku ĐN', '2019-04-04 02:23:48', '2019-04-04 02:23:48'),
(96, 63, 1, 2518, 1922, 800000, 5, 'donki shinjuku ĐN', '2019-04-04 02:28:22', '2019-04-04 02:28:22'),
(97, 44, 1, 1175, 1058, 300000, 2, 'donki shinjuku ĐN', '2019-04-04 02:45:45', '2019-04-04 02:45:45'),
(98, 82, 1, 23760, 16632, 3750000, 2, 'Matsumoto Kiyoshi\nIkebukuro', '2019-03-31 19:44:23', '2019-03-31 19:44:23'),
(99, 80, 1, 9180, 6426, 1650000, 1, 'Matsumoto Kiyoshi\nIkebukuro', '2019-03-31 19:46:16', '2019-03-31 19:46:16'),
(100, 76, 1, 12420, 12420, 2900000, 1, 'Matsumoto KiyoShi\nIkebukuro', '2019-03-31 19:52:23', '2019-03-31 19:52:23'),
(101, 77, 1, 18360, 17280, 4150000, 1, 'Donki Ikebukuro', '2019-03-31 19:53:58', '2019-03-31 19:53:58'),
(102, 84, 1, 820, 645, 320000, 4, 'donki ikebukuro', '2019-03-31 20:03:03', '2019-03-31 20:03:03'),
(103, 84, 2, 820, 645, 320000, 2, 'donki ikebukuro', '2019-03-31 20:04:08', '2019-03-31 20:04:08'),
(104, 43, 1, 3240, 1944, 700000, 3, 'matsumoto kiyoshi\nikebukuro', '2019-03-31 20:12:06', '2019-03-31 20:12:06'),
(105, 43, 2, 3240, 1944, 700000, 2, 'matsumoto kiyoshi\nikebukuro', '2019-03-31 20:12:38', '2019-03-31 20:12:38'),
(106, 46, 1, 3024, 1815, 650000, 3, 'matsumoto kiyoshi\nikebukuro', '2019-03-31 20:13:21', '2019-03-31 20:13:21'),
(107, 46, 2, 3024, 1815, 650000, 2, 'matsumoto kiyoshi\nikebukuro', '2019-03-31 20:13:38', '2019-03-31 20:13:38'),
(108, 45, 1, 1404, 1404, 450000, 3, 'yamada shinjuku', '2019-04-02 20:25:48', '2019-04-02 20:25:48'),
(109, 77, 1, 18360, 17064, 4150000, 1, 'donki kabukicho', '2019-04-04 20:30:21', '2019-04-04 20:30:21'),
(110, 3, 1, 1780, 1358, 650000, 2, '', '2019-02-26 22:14:28', '2019-02-26 22:14:28'),
(111, 19, 1, 1780, 1358, 650000, 1, '', '2019-02-26 22:16:57', '2019-02-26 22:16:57'),
(112, 86, 1, 0, 0, 1100000, 1, 'donki', '2019-02-26 23:50:54', '2019-02-26 23:50:54'),
(113, 87, 1, 0, 0, 140000, 6, 'donki kawagoe', '2019-02-26 01:01:25', '2019-02-26 01:01:25'),
(114, 88, 1, 753, 0, 135000, 4, 'donki kawgoe', '2019-02-26 01:16:03', '2019-02-26 01:16:03'),
(115, 89, 1, 429, 0, 105000, 4, 'donki kawgoe', '2019-02-26 01:21:51', '2019-02-26 01:21:51'),
(116, 90, 1, 429, 0, 105000, 3, 'donki kawagoe', '2019-02-26 01:26:10', '2019-02-26 01:26:10'),
(117, 91, 1, 645, 0, 70000, 10, 'donki kawagoe', '2019-02-26 01:33:48', '2019-02-26 01:33:48'),
(118, 92, 1, 321, 0, 70000, 6, 'donki kawagoe', '2019-02-26 01:37:13', '2019-02-26 01:37:13'),
(119, 93, 1, 1814, 0, 500000, 1, 'donki kawagoe', '2019-02-26 01:40:33', '2019-02-26 01:40:33'),
(120, 94, 1, 0, 0, 500000, 1, 'donki kawagoe', '2019-02-26 00:00:00', '2019-02-26 00:00:00'),
(121, 87, 1, 0, 0, 140000, 6, '', '2019-02-26 00:00:00', '2019-02-26 00:00:00'),
(122, 88, 1, 0, 0, 135000, 4, '', '2019-02-26 00:00:00', '2019-02-26 00:00:00'),
(123, 89, 1, 0, 0, 105000, 4, '', '2019-02-26 00:00:00', '2019-02-26 00:00:00'),
(124, 90, 1, 0, 0, 105000, 3, '', '2019-02-26 00:00:00', '2019-02-26 00:00:00'),
(125, 91, 1, 0, 0, 70000, 10, '', '2019-02-26 00:00:00', '2019-02-26 00:00:00'),
(126, 92, 1, 0, 0, 70000, 6, '', '2019-02-26 00:00:00', '2019-02-26 00:00:00'),
(127, 93, 1, 0, 0, 500000, 1, '', '2019-02-26 00:00:00', '2019-02-26 00:00:00'),
(128, 5, 1, 0, 0, 650000, 1, '', '2019-02-26 00:00:00', '2019-02-26 00:00:00'),
(129, 94, 1, 0, 0, 500000, 1, '', '2019-02-26 00:00:00', '2019-02-26 00:00:00'),
(130, 35, 1, 0, 0, 320000, 1, '', '2019-02-26 00:00:00', '2019-02-26 00:00:00'),
(131, 94, 1, 0, 0, 500000, 1, '', '2019-02-26 00:00:00', '2019-02-26 00:00:00'),
(132, 95, 1, 0, 0, 500000, 1, '', '2019-02-26 00:00:00', '2019-02-26 00:00:00'),
(133, 30, 1, 0, 0, 140000, 10, '', '2019-02-26 00:00:00', '2019-02-26 00:00:00'),
(134, 96, 1, 1645, 0, 650000, 1, '', '2019-02-26 00:00:00', '2019-02-26 00:00:00'),
(135, 97, 1, 5891, 0, 1300000, 1, '', '2019-02-26 00:00:00', '2019-02-26 00:00:00'),
(136, 98, 2, 0, 0, 1200000, 1, '', '2019-02-26 00:00:00', '2019-02-26 00:00:00'),
(137, 13, 2, 6804, 0, 1600000, 1, '', '2019-02-26 00:00:00', '2019-02-26 00:00:00'),
(138, 99, 1, 0, 0, 1100000, 1, '', '2019-02-26 00:00:00', '2019-02-26 00:00:00'),
(139, 69, 1, 0, 0, 600000, 2, '', '2019-02-26 00:00:00', '2019-02-26 00:00:00'),
(140, 17, 1, 0, 0, 1050000, 1, '', '2019-03-02 00:00:00', '2019-03-02 00:00:00'),
(141, 18, 1, 0, 0, 400000, 2, '', '2019-03-02 00:00:00', '2019-03-02 00:00:00'),
(142, 17, 1, 0, 0, 1050000, 2, '', '2019-03-02 00:00:00', '2019-03-02 00:00:00'),
(143, 19, 1, 0, 0, 650000, 1, '', '2019-03-02 00:00:00', '2019-03-02 00:00:00'),
(144, 100, 1, 0, 0, 200000, 2, '', '2019-03-02 00:00:00', '2019-03-02 00:00:00'),
(145, 64, 1, 0, 0, 750000, 1, '', '2019-03-02 00:00:00', '2019-03-02 00:00:00'),
(146, 69, 1, 0, 0, 600000, 1, '', '2019-03-02 00:00:00', '2019-03-02 00:00:00'),
(147, 101, 1, 0, 0, 450000, 1, '', '2019-03-02 00:00:00', '2019-03-02 00:00:00'),
(148, 102, 1, 0, 0, 270000, 2, '', '2019-03-22 00:00:00', '2019-03-22 00:00:00'),
(149, 13, 1, 5573, 5573, 1600000, 1, '', '2019-03-22 00:00:00', '2019-03-22 00:00:00'),
(150, 103, 1, 0, 0, 0, 2, '', '2019-03-22 00:00:00', '2019-03-22 00:00:00'),
(151, 104, 1, 0, 0, 0, 2, '', '2019-03-22 00:00:00', '2019-03-22 00:00:00'),
(152, 105, 2, 0, 0, 0, 1, '', '2019-03-22 00:00:00', '2019-03-22 00:00:00'),
(153, 106, 1, 1393, 1393, 450000, 1, '', '2019-03-22 00:00:00', '2019-03-22 00:00:00'),
(154, 107, 1, 0, 0, 0, 2, '', '2019-03-22 00:00:00', '2019-03-22 00:00:00'),
(155, 108, 1, 0, 0, 80000, 3, '', '2019-03-22 00:00:00', '2019-03-22 00:00:00'),
(156, 32, 1, 0, 0, 300000, 1, '', '2019-03-22 00:00:00', '2019-03-22 00:00:00'),
(157, 70, 1, 0, 0, 330000, 1, '', '2019-03-22 00:00:00', '2019-03-22 00:00:00'),
(158, 109, 1, 0, 0, 0, 1, '', '2019-03-22 00:00:00', '2019-03-22 00:00:00'),
(159, 110, 1, 968, 645, 320000, 1, 'bic ikebukuro', '2019-03-22 00:00:00', '2019-03-22 00:00:00'),
(160, 32, 1, 0, 0, 300000, 1, '', '2019-03-22 00:00:00', '2019-03-22 00:00:00'),
(161, 67, 1, 0, 0, 140000, 1, '', '2019-03-29 00:00:00', '2019-03-29 00:00:00'),
(162, 65, 1, 0, 0, 140000, 2, '', '2019-03-29 00:00:00', '2019-03-29 00:00:00'),
(163, 66, 1, 0, 0, 140000, 1, '', '2019-03-29 00:00:00', '2019-03-29 00:00:00'),
(164, 113, 1, 0, 0, 820000, 1, '', '2019-03-29 00:00:00', '2019-03-29 00:00:00'),
(165, 25, 1, 0, 0, 400000, 1, '', '2019-03-29 00:00:00', '2019-03-29 00:00:00'),
(166, 71, 1, 950, 714, 250000, 1, 'bic shinjuku', '2019-03-29 00:00:00', '2019-03-29 00:00:00'),
(167, 48, 1, 1058, 659, 300000, 6, 'amazon', '2019-04-11 11:40:38', '2019-04-11 11:40:38'),
(168, 48, 2, 1058, 659, 300000, 4, 'amazon', '2019-04-11 11:41:32', '2019-04-11 11:41:32'),
(169, 32, 1, 861, 792, 300000, 5, 'amazon', '2019-04-11 11:44:08', '2019-04-11 11:44:08'),
(170, 44, 1, 891, 860, 330000, 5, 'amazon', '2019-04-11 12:00:17', '2019-04-11 12:00:17'),
(171, 18, 1, 1584, 658, 400000, 3, 'amazon', '2019-04-11 12:05:23', '2019-04-11 12:05:23'),
(172, 114, 1, 1463, 1215, 380000, 6, 'amazon', '2019-04-11 12:37:21', '2019-04-11 12:37:21'),
(173, 115, 1, 5160, 4549, 1225000, 1, 'amazon', '2019-04-11 12:51:14', '2019-04-11 12:51:14'),
(174, 116, 1, 2778, 2750, 0, 1, '', '2019-04-11 12:59:27', '2019-04-11 12:59:27'),
(175, 117, 1, 1598, 1598, 470000, 1, 'amazon', '2019-04-11 13:05:51', '2019-04-11 13:05:51'),
(176, 120, 1, 4400, 4400, 470000, 2, 'amazon', '2019-04-11 13:41:58', '2019-04-11 13:41:58'),
(177, 25, 1, 0, 0, 400000, 1, '', '2019-04-11 15:55:09', '2019-04-11 15:55:09'),
(178, 20, 2, 0, 0, 350000, 1, '', '2019-04-11 23:41:37', '2019-04-11 23:41:37'),
(179, 121, 1, 440, 440, 190000, 2, 'bic shinjuku', '2019-04-11 23:44:45', '2019-04-11 23:44:45'),
(180, 51, 2, 0, 0, 0, -1, '', '2019-04-11 23:50:27', '2019-04-11 23:50:27'),
(181, 6, 2, 0, 0, 650000, 1, '', '2019-04-12 01:01:49', '2019-04-12 01:01:49'),
(182, 19, 2, 0, 0, 650000, 1, '', '2019-04-12 01:02:02', '2019-04-12 01:02:02'),
(183, 13, 2, 5573, 5573, 1600000, 1, '', '2019-04-12 01:05:46', '2019-04-12 01:05:46'),
(184, 66, 1, 0, 0, 140000, 2, '', '2019-04-12 01:12:05', '2019-04-12 01:12:05'),
(185, 117, 1, 1598, 1598, 470000, 4, 'bic online', '2019-04-12 01:21:25', '2019-04-12 01:21:25'),
(186, 119, 1, 1598, 1598, 470000, 4, 'bic online', '2019-04-12 01:22:19', '2019-04-12 01:22:19'),
(187, 44, 1, 891, 847, 330000, 3, 'bic online', '2019-04-12 01:25:31', '2019-04-12 01:25:31'),
(188, 118, 1, 2138, 1216, 470000, 4, 'amazon', '2019-04-12 01:29:09', '2019-04-12 01:29:09'),
(189, 19, 2, 0, 0, 650000, 3, '', '2019-04-12 11:21:42', '2019-04-12 11:21:42'),
(190, 137, 1, 20000, 10000, 2240000, 2, 'matsumoto ikebukuro', '2019-04-12 16:53:50', '2019-04-12 16:53:50'),
(191, 138, 1, 718, 547, 0, 1, 'donki ikebukuro', '2019-04-13 22:43:18', '2019-04-13 22:43:18'),
(192, 139, 1, 718, 547, 0, 1, 'donki ikebukuro', '2019-04-13 22:43:57', '2019-04-13 22:43:57'),
(193, 140, 1, 615, 547, 0, 1, 'donki ikebukuro', '2019-04-13 22:44:19', '2019-04-13 22:44:19'),
(194, 47, 1, 2954, 2462, 850000, 1, 'bic ikebukuro', '2019-04-13 22:58:06', '2019-04-13 22:58:06'),
(195, 141, 1, 2045, 1382, 0, 1, 'bic ikebukuro', '2019-04-13 23:08:22', '2019-04-13 23:08:22'),
(196, 71, 1, 950, 645, 250000, 1, 'bic ikebukuro', '2019-04-13 23:11:30', '2019-04-13 23:11:30'),
(197, 53, 1, 2495, 1890, 750000, 1, 'bic ikebukuro', '2019-04-13 23:14:09', '2019-04-13 23:14:09'),
(198, 128, 1, 105, 105, 50000, 2, 'bic ikebukuro', '2019-04-13 23:22:40', '2019-04-13 23:22:40'),
(199, 132, 1, 105, 105, 50000, 2, 'bic ikebukuro', '2019-04-13 23:23:14', '2019-04-13 23:23:14'),
(200, 130, 1, 105, 105, 50000, 2, 'bic ikebukuro', '2019-04-13 23:23:36', '2019-04-13 23:23:36'),
(201, 134, 1, 95, 95, 50000, 1, 'bic ikebukuro', '2019-04-13 23:28:06', '2019-04-13 23:28:06'),
(202, 142, 1, 95, 95, 50000, 1, ' bic ikebukuro', '2019-04-13 23:32:10', '2019-04-13 23:32:10'),
(203, 143, 1, 95, 95, 50000, 1, 'bic ikebukuro', '2019-04-13 23:32:26', '2019-04-13 23:32:26'),
(204, 136, 1, 95, 95, 50000, 1, 'bic ikebukuro', '2019-04-13 23:32:41', '2019-04-13 23:32:41'),
(205, 128, 1, 95, 95, 50000, 1, 'iganeya', '2019-04-13 23:37:01', '2019-04-13 23:37:01'),
(206, 130, 1, 95, 95, 50000, 4, 'iganeya', '2019-04-13 23:37:37', '2019-04-13 23:37:37'),
(207, 131, 1, 95, 95, 50000, 5, 'iganeya', '2019-04-13 23:38:21', '2019-04-13 23:38:21'),
(208, 132, 1, 95, 95, 50000, 4, 'iganeya', '2019-04-13 23:38:39', '2019-04-13 23:38:39'),
(209, 72, 1, 13500, 13500, 3100000, 1, 'rakuten', '2019-04-14 00:05:40', '2019-04-14 00:05:40'),
(210, 144, 1, 0, 0, 200000, 1, 'shintokorozawa', '2019-04-14 00:09:44', '2019-04-14 00:09:44'),
(211, 145, 1, 0, 0, 300000, 1, 'shintokorozawa', '2019-04-14 00:13:18', '2019-04-14 00:13:18'),
(212, 146, 1, 0, 0, 400000, 1, 'shintokorozawa', '2019-04-14 00:15:05', '2019-04-14 00:15:05'),
(213, 145, 1, 0, 0, 300000, 1, '', '2019-04-14 00:15:38', '2019-04-14 00:15:38'),
(214, 147, 1, 0, 0, 630000, 1, 'shintokorozawa', '2019-04-14 00:17:14', '2019-04-14 00:17:14'),
(215, 145, 1, 0, 0, 300000, 2, '', '2019-04-14 00:18:55', '2019-04-14 00:18:55'),
(216, 148, 1, 0, 0, 150000, 1, '', '2019-04-14 00:20:45', '2019-04-14 00:20:45'),
(217, 148, 1, 0, 0, 150000, 1, '', '2019-04-14 00:20:45', '2019-04-14 00:20:45'),
(218, 39, 1, 0, 0, 1200000, 1, '', '2019-04-14 00:22:00', '2019-04-14 00:22:00'),
(219, 39, 1, 0, 0, 1200000, 1, '', '2019-04-14 00:47:11', '2019-04-14 00:47:11'),
(220, 135, 1, 0, 0, 50000, 3, '', '2019-04-14 00:49:34', '2019-04-14 00:49:34'),
(221, 149, 1, 0, 0, 550000, 1, '', '2019-04-14 00:51:42', '2019-04-14 00:51:42'),
(222, 150, 1, 0, 0, 410000, 1, '', '2019-04-14 01:40:52', '2019-04-14 01:40:52'),
(223, 151, 1, 499, 449, 120000, 1, '', '2019-04-14 01:40:56', '2019-04-14 01:40:56'),
(224, 152, 1, 0, 0, 280000, 1, '', '2019-04-14 01:42:26', '2019-04-14 01:42:26'),
(225, 152, 1, 0, 0, 280000, 1, '', '2019-04-14 01:47:57', '2019-04-14 01:47:57'),
(226, 153, 1, 0, 0, 0, 5, '', '2019-04-14 01:51:40', '2019-04-14 01:51:40'),
(227, 154, 1, 0, 0, 350000, 1, '', '2019-04-14 02:03:23', '2019-04-14 02:03:23'),
(228, 155, 1, 0, 0, 350000, 6, '', '2019-04-14 02:08:46', '2019-04-14 02:08:46'),
(229, 154, 1, 987, 987, 350000, 1, 'amazon', '2019-04-14 22:24:46', '2019-04-14 22:24:46'),
(230, 2, 1, 0, 0, 0, -2, '', '2019-04-15 11:18:21', '2019-04-15 11:18:21'),
(231, 7, 1, 0, 0, 650000, 3, '', '2019-04-15 11:19:22', '2019-04-15 11:19:22'),
(232, 5, 1, 0, 0, 0, -4, '', '2019-04-15 11:20:42', '2019-04-15 11:20:42'),
(233, 157, 1, 0, 0, 650000, 2, '', '2019-04-15 11:39:31', '2019-04-15 11:39:31'),
(234, 1, 1, 0, 0, 0, -5, '', '2019-04-15 11:39:51', '2019-04-15 11:39:51'),
(235, 57, 1, 0, 0, 0, -1, '', '2019-04-15 11:40:30', '2019-04-15 11:40:30'),
(236, 4, 1, 0, 0, 0, -2, '', '2019-04-15 11:40:54', '2019-04-15 11:40:54'),
(237, 14, 1, 0, 0, 0, -8, '', '2019-04-15 11:41:36', '2019-04-15 11:41:36'),
(238, 8, 1, 0, 0, 0, -3, '', '2019-04-15 11:41:54', '2019-04-15 11:41:54'),
(239, 11, 1, 0, 0, 0, -1, '', '2019-04-15 11:42:13', '2019-04-15 11:42:13'),
(240, 26, 1, 0, 0, 1300000, 1, '', '2019-04-15 11:42:35', '2019-04-15 11:42:35'),
(241, 68, 1, 0, 0, 1950000, 1, '', '2019-04-15 11:42:47', '2019-04-15 11:42:47'),
(242, 44, 1, 0, 0, 330000, 1, '', '2019-04-15 11:44:45', '2019-04-15 11:44:45'),
(243, 34, 1, 0, 0, 0, -1, '', '2019-04-15 11:45:07', '2019-04-15 11:45:07'),
(244, 41, 2, 0, 0, 0, -3, '', '2019-04-15 11:51:18', '2019-04-15 11:51:18'),
(245, 46, 1, 0, 0, 0, -3, '', '2019-04-15 11:54:11', '2019-04-15 11:54:11'),
(246, 46, 2, 0, 0, 0, -4, '', '2019-04-15 11:54:16', '2019-04-15 11:54:16'),
(247, 43, 1, 0, 0, 0, -3, '', '2019-04-15 11:54:28', '2019-04-15 11:54:28'),
(248, 43, 2, 0, 0, 0, -3, '', '2019-04-15 11:54:32', '2019-04-15 11:54:32'),
(249, 61, 1, 0, 0, 0, -1, '', '2019-04-15 11:55:24', '2019-04-15 11:55:24'),
(250, 59, 1, 0, 0, 0, -1, '', '2019-04-15 11:57:02', '2019-04-15 11:57:02'),
(251, 59, 2, 0, 0, 0, -2, '', '2019-04-15 11:57:12', '2019-04-15 11:57:12'),
(252, 41, 2, 0, 0, 350000, 3, '', '2019-04-15 11:58:34', '2019-04-15 11:58:34'),
(253, 21, 2, 0, 0, 0, -2, '', '2019-04-15 11:59:32', '2019-04-15 11:59:32'),
(254, 21, 1, 0, 0, 0, -1, '', '2019-04-15 11:59:36', '2019-04-15 11:59:36'),
(255, 20, 1, 0, 0, 0, -2, '', '2019-04-15 11:59:49', '2019-04-15 11:59:49'),
(256, 20, 2, 0, 0, 0, -2, '', '2019-04-15 11:59:56', '2019-04-15 11:59:56'),
(257, 29, 1, 0, 0, 0, -1, '', '2019-04-15 12:01:25', '2019-04-15 12:01:25'),
(258, 63, 1, 0, 0, 750000, 1, '', '2019-04-15 12:02:07', '2019-04-15 12:02:07'),
(259, 148, 1, 0, 0, 0, -1, '', '2019-04-15 12:06:45', '2019-04-15 12:06:45'),
(260, 14, 2, 0, 0, 750000, 4, '', '2019-04-16 11:13:36', '2019-04-16 11:13:36'),
(261, 45, 2, 0, 0, 450000, 1, '', '2019-04-16 11:14:46', '2019-04-16 11:14:46'),
(262, 20, 2, 0, 0, 350000, 2, '', '2019-04-16 11:33:54', '2019-04-16 11:33:54'),
(263, 21, 2, 0, 0, 350000, 2, '', '2019-04-16 11:34:28', '2019-04-16 11:34:28'),
(264, 51, 2, 0, 0, 350000, 3, '', '2019-04-16 11:36:08', '2019-04-16 11:36:08'),
(265, 61, 2, 0, 0, 300000, 1, '', '2019-04-16 11:37:32', '2019-04-16 11:37:32'),
(266, 19, 2, 0, 0, 0, -3, '', '2019-04-16 11:39:14', '2019-04-16 11:39:14'),
(267, 5, 2, 0, 0, 650000, 2, '', '2019-04-16 11:40:45', '2019-04-16 11:40:45'),
(268, 62, 2, 0, 0, 750000, 2, '', '2019-04-16 11:41:42', '2019-04-16 11:41:42'),
(269, 62, 2, 0, 0, 0, -1, '', '2019-04-16 11:41:57', '2019-04-16 11:41:57'),
(270, 34, 2, 0, 0, 600000, 1, '', '2019-04-16 11:46:13', '2019-04-16 11:46:13'),
(271, 19, 2, 0, 0, 650000, 1, '', '2019-04-16 11:54:05', '2019-04-16 11:54:05'),
(272, 43, 2, 0, 0, 700000, 1, '', '2019-04-16 11:55:38', '2019-04-16 11:55:38'),
(273, 46, 2, 0, 0, 650000, 2, '', '2019-04-16 11:55:47', '2019-04-16 11:55:47'),
(274, 110, 1, 1156, 731.4, 320000, 5, 'amazon', '2019-04-16 15:19:00', '2019-04-16 15:19:00'),
(275, 109, 1, 1058, 950, 300000, 3, 'amazon', '2019-04-16 15:19:41', '2019-04-16 15:19:41'),
(276, 134, 1, 0, 0, 40000, 3, '', '2019-04-16 17:24:49', '2019-04-16 17:24:49'),
(277, 135, 1, 0, 0, 40000, 3, '', '2019-04-16 17:24:59', '2019-04-16 17:24:59'),
(278, 136, 1, 0, 0, 40000, 3, '', '2019-04-16 17:25:08', '2019-04-16 17:25:08'),
(279, 156, 1, 0, 0, 50000, 1, '', '2019-04-16 17:34:58', '2019-04-16 17:34:58'),
(280, 158, 1, 734, 512, 160000, 1, 'amazon', '2019-04-17 15:52:25', '2019-04-17 15:52:25'),
(281, 17, 1, 3888, 2651, 1050000, 1, 'amazon', '2019-04-17 15:54:15', '2019-04-17 15:54:15'),
(282, 110, 1, 1156, 731.4, 320000, 5, 'amazon', '2019-04-17 15:59:22', '2019-04-17 15:59:22'),
(283, 159, 1, 2160, 1665, 500000, 1, 'amazon', '2019-04-17 16:08:51', '2019-04-17 16:08:51'),
(284, 161, 1, 1100, 840, 310000, 2, 'amazon', '2019-04-18 10:49:34', '2019-04-18 10:49:34'),
(285, 161, 1, 1100, 840, 310000, 2, 'amazon', '2019-04-18 11:09:27', '2019-04-18 11:09:27'),
(286, 47, 1, 2954, 2462, 850000, 2, 'bic ikebukuro', '2019-04-19 00:51:31', '2019-04-19 00:51:31'),
(287, 109, 1, 1058, 648, 300000, 5, 'yamada ikebukuro', '2019-04-19 00:53:50', '2019-04-19 00:53:50'),
(288, 109, 1, 1197, 950, 300000, 2, 'bic ikebukuro', '2019-04-19 01:02:28', '2019-04-19 01:02:28'),
(289, 13, 1, 5573, 5295, 1450000, 2, 'rakuten (coupon)', '2019-04-19 18:42:20', '2019-04-19 18:42:20'),
(290, 162, 1, 1190, 1071, 450000, 1, 'muji', '2019-04-19 22:55:39', '2019-04-19 22:55:39'),
(291, 13, 1, 6051, 6051, 1450000, 1, 'bic shinjuku', '2019-04-19 23:01:49', '2019-04-19 23:01:49'),
(292, 13, 1, 6051, 6051, 1450000, 1, 'bic ikebukuro', '2019-04-21 00:04:35', '2019-04-21 00:04:35'),
(293, 161, 1, 1020, 429, 370000, 6, 'donki ikebukuro', '2019-04-21 00:07:43', '2019-04-21 00:07:43'),
(294, 163, 1, 1620, 1620, 470000, 1, 'donki ikebukuro', '2019-04-21 00:37:44', '2019-04-21 00:37:44'),
(295, 160, 1, 211, 195, 80000, 11, 'amazon', '2019-04-21 00:44:35', '2019-04-21 00:44:35');

-- --------------------------------------------------------

--
-- テーブルの構造 `roles`
--

CREATE TABLE `roles` (
  `id` tinyint(2) UNSIGNED NOT NULL,
  `name` varchar(32) COLLATE utf8mb4_unicode_ci NOT NULL,
  `display` varchar(127) COLLATE utf8mb4_unicode_ci NOT NULL,
  `active` tinyint(1) NOT NULL DEFAULT '0',
  `created` datetime NOT NULL,
  `updated` datetime NOT NULL
) ENGINE=InnoDB DEFAULT CHARSET=utf8mb4 COLLATE=utf8mb4_unicode_ci;

--
-- テーブルのデータのダンプ `roles`
--

INSERT INTO `roles` (`id`, `name`, `display`, `active`, `created`, `updated`) VALUES
(1, 'root', 'System Administrator', 1, '2018-12-30 00:00:00', '2018-12-30 00:00:00'),
(2, 'anonymous', 'Anonymous', 1, '2018-12-30 00:00:00', '2018-12-30 00:00:00'),
(3, 'domainowner', 'Domain Owner', 1, '2018-12-30 00:00:00', '0000-00-00 00:00:00'),
(4, 'manager', 'Manager', 1, '2018-12-30 00:00:00', '2018-12-30 00:00:00'),
(5, 'serviceuser', 'Service User', 1, '2018-12-30 00:00:00', '2018-12-30 00:00:00');

-- --------------------------------------------------------

--
-- テーブルの構造 `sessions`
--

CREATE TABLE `sessions` (
  `session_id` varchar(35) COLLATE utf8mb4_unicode_ci NOT NULL COMMENT 'Loggin Session ID',
  `data` text COLLATE utf8mb4_unicode_ci COMMENT 'Loggin Session Data',
  `created` int(10) UNSIGNED NOT NULL,
  `updated` int(10) UNSIGNED DEFAULT NULL
) ENGINE=InnoDB DEFAULT CHARSET=utf8mb4 COLLATE=utf8mb4_unicode_ci;

--
-- テーブルのデータのダンプ `sessions`
--

INSERT INTO `sessions` (`session_id`, `data`, `created`, `updated`) VALUES
('7mc7g1hpqfg8gjndeesbgo65u0', 'General\\Core\\Manager\\Controllers\\TransportsController|a:1:{s:10:\"parameters\";a:3:{s:10:\"conditions\";s:57:\"[General\\Core\\Manager\\Models\\Transport].user_id=:user_id:\";s:4:\"bind\";a:1:{s:7:\"user_id\";s:1:\"1\";}s:5:\"order\";s:47:\"[General\\Core\\Manager\\Models\\Transport].id DESC\";}}navigated|i:1555787623;General\\Core\\Manager\\Controllers\\MainController|a:1:{s:10:\"parameters\";N;}General\\Core\\Manager\\Controllers\\SessionsController|a:1:{s:10:\"parameters\";N;}auth|a:7:{s:2:\"id\";s:1:\"1\";s:4:\"name\";s:5:\"Khang\";s:5:\"login\";s:5:\"admin\";s:7:\"role_id\";s:1:\"4\";s:4:\"role\";s:7:\"manager\";s:12:\"role_display\";s:7:\"Manager\";s:11:\"role_demote\";i:1;}General\\Core\\Manager\\Controllers\\InventoryController|a:1:{s:10:\"parameters\";a:1:{s:5:\"order\";s:44:\"[General\\Core\\Manager\\Models\\Product].id ASC\";}}General\\Core\\Manager\\Controllers\\ProductsController|a:1:{s:10:\"parameters\";N;}General\\Core\\Manager\\Controllers\\InvoicesController|a:1:{s:10:\"parameters\";a:3:{s:10:\"conditions\";s:55:\"[General\\Core\\Manager\\Models\\Invoice].user_id=:user_id:\";s:4:\"bind\";a:1:{s:7:\"user_id\";s:1:\"1\";}s:5:\"order\";s:45:\"[General\\Core\\Manager\\Models\\Invoice].id DESC\";}}General\\Core\\Manager\\Controllers\\ClientsController|a:1:{s:10:\"parameters\";a:4:{s:5:\"joins\";a:1:{i:0;a:4:{i:0;s:35:\"General\\Core\\Manager\\Models\\Country\";i:1;s:61:\"[General\\Core\\Manager\\Models\\Client].country_id=[Country].id \";i:2;s:7:\"Country\";i:3;s:4:\"LEFT\";}}s:10:\"conditions\";s:54:\"[General\\Core\\Manager\\Models\\Client].user_id=:user_id:\";s:4:\"bind\";a:1:{s:7:\"user_id\";s:1:\"1\";}s:5:\"order\";s:43:\"[General\\Core\\Manager\\Models\\Client].id ASC\";}}$PHALCON/CSRF$|s:15:\"KPIYUxd66FCeK3H\";', 1555772012, 1555787623),
('nqp3g3b5riorljr7j5d8iuver3', 'General\\Core\\Manager\\Controllers\\ClientsController|a:1:{s:10:\"parameters\";N;}navigated|i:1555810710;General\\Core\\Manager\\Controllers\\MainController|a:1:{s:10:\"parameters\";N;}General\\Core\\Manager\\Controllers\\SessionsController|a:1:{s:10:\"parameters\";N;}auth|a:7:{s:2:\"id\";s:1:\"1\";s:4:\"name\";s:5:\"Khang\";s:5:\"login\";s:5:\"admin\";s:7:\"role_id\";s:1:\"4\";s:4:\"role\";s:7:\"manager\";s:12:\"role_display\";s:7:\"Manager\";s:11:\"role_demote\";i:1;}General\\Core\\Manager\\Controllers\\TransportsController|a:1:{s:10:\"parameters\";N;}General\\Core\\Manager\\Controllers\\InvoicesController|a:1:{s:10:\"parameters\";N;}$PHALCON/CSRF$|s:15:\"bQAqNTYj8Xz1Y9b\";', 1555807747, 1555810710),
('ud33gf6fi6hripc45fas2n27r1', 'General\\Core\\Manager\\Controllers\\TransportsController|a:1:{s:10:\"parameters\";N;}navigated|i:1555819890;General\\Core\\Manager\\Controllers\\MainController|a:1:{s:10:\"parameters\";N;}General\\Core\\Manager\\Controllers\\SessionsController|a:1:{s:10:\"parameters\";N;}auth|a:7:{s:2:\"id\";s:1:\"1\";s:4:\"name\";s:5:\"Khang\";s:5:\"login\";s:5:\"admin\";s:7:\"role_id\";s:1:\"4\";s:4:\"role\";s:7:\"manager\";s:12:\"role_display\";s:7:\"Manager\";s:11:\"role_demote\";i:1;}General\\Core\\Manager\\Controllers\\ClientsController|a:1:{s:10:\"parameters\";N;}General\\Core\\Manager\\Controllers\\ProductsController|a:1:{s:10:\"parameters\";a:1:{s:5:\"order\";s:44:\"[General\\Core\\Manager\\Models\\Product].id ASC\";}}$PHALCON/CSRF$|s:16:\"xUt1Xzb9SfvSEyZw\";', 1555816991, 1555819891),
('hm8k47r9r1r94iqubs6rlshfe4', 'navigated|i:1555896643;General\\Core\\Manager\\Controllers\\MainController|a:1:{s:10:\"parameters\";N;}', 1555896645, NULL),
('b7hepi0arf4pqhsjc7u2sho8c3', 'navigated|i:1555896645;General\\Core\\Manager\\Controllers\\ProductsController|a:1:{s:10:\"parameters\";N;}', 1555896645, NULL),
('g2i59u6aneg6ndli6913caa2c5', 'navigated|i:1555902017;General\\Core\\Manager\\Controllers\\MainController|a:1:{s:10:\"parameters\";N;}General\\Core\\Manager\\Controllers\\SessionsController|a:1:{s:10:\"parameters\";N;}auth|a:7:{s:2:\"id\";s:1:\"1\";s:4:\"name\";s:5:\"Khang\";s:5:\"login\";s:5:\"admin\";s:7:\"role_id\";s:1:\"4\";s:4:\"role\";s:7:\"manager\";s:12:\"role_display\";s:7:\"Manager\";s:11:\"role_demote\";i:1;}General\\Core\\Manager\\Controllers\\TransportsController|a:1:{s:10:\"parameters\";a:3:{s:10:\"conditions\";s:57:\"[General\\Core\\Manager\\Models\\Transport].user_id=:user_id:\";s:4:\"bind\";a:1:{s:7:\"user_id\";s:1:\"1\";}s:5:\"order\";s:47:\"[General\\Core\\Manager\\Models\\Transport].id DESC\";}}$PHALCON/CSRF$|s:16:\"CO6JKyHbKnc6fO0j\";', 1555896645, 1555902017),
('hjgiorptur0atd71onr3fm8ih7', 'navigated|i:1555896652;General\\Core\\Manager\\Controllers\\ProductsController|a:1:{s:10:\"parameters\";N;}', 1555896652, NULL),
('sqqvf1rui1sc84dffrgov4rhj3', 'General\\Core\\Manager\\Controllers\\MainController|a:1:{s:10:\"parameters\";N;}navigated|i:1555908249;General\\Core\\Manager\\Controllers\\SessionsController|a:1:{s:10:\"parameters\";N;}auth|a:7:{s:2:\"id\";s:1:\"1\";s:4:\"name\";s:5:\"Khang\";s:5:\"login\";s:5:\"admin\";s:7:\"role_id\";s:1:\"4\";s:4:\"role\";s:7:\"manager\";s:12:\"role_display\";s:7:\"Manager\";s:11:\"role_demote\";i:1;}', 1555906128, 1555908250),
('ii03lmo7vjbtotqmtp3jkdqkj0', 'navigated|i:1555921839;General\\Core\\Manager\\Controllers\\SessionsController|a:1:{s:10:\"parameters\";N;}General\\Core\\Manager\\Controllers\\MainController|a:1:{s:10:\"parameters\";N;}auth|a:7:{s:2:\"id\";s:1:\"1\";s:4:\"name\";s:5:\"Khang\";s:5:\"login\";s:5:\"admin\";s:7:\"role_id\";s:1:\"4\";s:4:\"role\";s:7:\"manager\";s:12:\"role_display\";s:7:\"Manager\";s:11:\"role_demote\";i:1;}General\\Core\\Manager\\Controllers\\ProductsController|a:1:{s:10:\"parameters\";a:1:{s:5:\"order\";s:44:\"[General\\Core\\Manager\\Models\\Product].id ASC\";}}$PHALCON/CSRF$|s:16:\"RovxWpuV8hKAMYcj\";General\\Core\\Manager\\Controllers\\InvoicesController|a:1:{s:10:\"parameters\";N;}General\\Core\\Manager\\Controllers\\InventoryController|a:1:{s:10:\"parameters\";a:1:{s:5:\"order\";s:44:\"[General\\Core\\Manager\\Models\\Product].id ASC\";}}General\\Core\\Manager\\Controllers\\TransportsController|a:1:{s:10:\"parameters\";a:3:{s:10:\"conditions\";s:57:\"[General\\Core\\Manager\\Models\\Transport].user_id=:user_id:\";s:4:\"bind\";a:1:{s:7:\"user_id\";s:1:\"1\";}s:5:\"order\";s:47:\"[General\\Core\\Manager\\Models\\Transport].id DESC\";}}', 1555914560, 1555921841),
('72hevhfnofq0v9nk1c6n1c0832', 'General\\Core\\Manager\\Controllers\\InvoicesController|a:1:{s:10:\"parameters\";N;}navigated|i:1555952090;General\\Core\\Manager\\Controllers\\MainController|a:1:{s:10:\"parameters\";N;}General\\Core\\Manager\\Controllers\\SessionsController|a:1:{s:10:\"parameters\";N;}General\\Core\\Manager\\Controllers\\ProductsController|a:1:{s:10:\"parameters\";a:1:{s:5:\"order\";s:44:\"[General\\Core\\Manager\\Models\\Product].id ASC\";}}$PHALCON/CSRF$|s:16:\"PeDd0Ta2dI6u2G1N\";', 1555948476, 1555952090);

-- --------------------------------------------------------

--
-- テーブルの構造 `transports`
--

CREATE TABLE `transports` (
  `id` int(10) UNSIGNED NOT NULL,
  `name` varchar(255) COLLATE utf8mb4_unicode_ci NOT NULL,
  `user_id` int(10) UNSIGNED NOT NULL,
  `client_id` int(10) UNSIGNED NOT NULL,
  `total` float UNSIGNED DEFAULT '0',
  `total_others` float UNSIGNED DEFAULT '0',
  `flight_date` datetime DEFAULT '0000-00-00 00:00:00',
  `remarks` varchar(400) COLLATE utf8mb4_unicode_ci DEFAULT NULL,
  `send_id` int(10) UNSIGNED DEFAULT '0',
  `receive_id` int(10) UNSIGNED DEFAULT '0',
  `status` tinyint(1) UNSIGNED NOT NULL DEFAULT '0',
  `disabled` tinyint(1) UNSIGNED NOT NULL DEFAULT '0',
  `created` datetime NOT NULL,
  `updated` datetime NOT NULL
) ENGINE=InnoDB DEFAULT CHARSET=utf8mb4 COLLATE=utf8mb4_unicode_ci;

--
-- テーブルのデータのダンプ `transports`
--

INSERT INTO `transports` (`id`, `name`, `user_id`, `client_id`, `total`, `total_others`, `flight_date`, `remarks`, `send_id`, `receive_id`, `status`, `disabled`, `created`, `updated`) VALUES
(1, '330857144133', 1, 6, 45090000, 0, '0000-00-00 00:00:00', 'Dot1-20190226', 0, 0, 6, 0, '2019-04-09 18:47:28', '2019-04-16 16:51:32'),
(2, '330857657395', 1, 6, 13250000, 0, '0000-00-00 00:00:00', 'Dot2-20190302', 0, 0, 6, 0, '2019-04-10 03:34:39', '2019-04-20 00:49:03'),
(3, '330858751532-330858536610', 1, 36, 8190000, 408000, '0000-00-00 00:00:00', 'Dot3&4-20190319', 0, 0, 6, 0, '2019-04-10 17:25:22', '2019-04-16 16:49:27'),
(4, '330859467676', 1, 36, 10660000, 408000, '0000-00-00 00:00:00', 'Dot5-20190322', 0, 0, 6, 0, '2019-04-11 01:26:03', '2019-04-20 01:02:42'),
(5, '330860214204', 1, 36, 8350000, 408000, '0000-00-00 00:00:00', 'Dot6-20190329', 0, 0, 6, 0, '2019-04-11 10:58:00', '2019-04-16 16:34:03'),
(6, '330860913596', 1, 36, 25395000, 408000, '2019-04-14 00:00:00', 'Dot7-20190406', 0, 0, 6, 0, '2019-04-14 00:55:36', '2019-04-22 11:52:40'),
(7, '330861520986', 1, 36, 15359000, 807000, '2019-04-18 00:00:00', 'Dot8-20190406', 0, 0, 5, 0, '2019-04-14 02:24:09', '2019-04-22 11:58:00'),
(8, '3308-6217-4683', 1, 63, 13400000, 317000, '2019-04-25 00:00:00', 'Dot 9 - 2019-04-21', 53, 10, 2, 0, '2019-04-20 01:27:22', '2019-04-22 11:58:46');

-- --------------------------------------------------------

--
-- テーブルの構造 `transport_invoices`
--

CREATE TABLE `transport_invoices` (
  `id` int(10) UNSIGNED NOT NULL,
  `transport_id` int(10) UNSIGNED NOT NULL,
  `invoice_id` int(10) UNSIGNED NOT NULL,
  `created` datetime NOT NULL,
  `updated` datetime NOT NULL
) ENGINE=InnoDB DEFAULT CHARSET=utf8mb4 COLLATE=utf8mb4_unicode_ci;

--
-- テーブルのデータのダンプ `transport_invoices`
--

INSERT INTO `transport_invoices` (`id`, `transport_id`, `invoice_id`, `created`, `updated`) VALUES
(22, 5, 50, '2019-04-16 16:34:03', '2019-04-16 16:34:03'),
(23, 5, 51, '2019-04-16 16:34:03', '2019-04-16 16:34:03'),
(24, 5, 52, '2019-04-16 16:34:03', '2019-04-16 16:34:03'),
(25, 5, 53, '2019-04-16 16:34:03', '2019-04-16 16:34:03'),
(26, 5, 54, '2019-04-16 16:34:03', '2019-04-16 16:34:03'),
(27, 5, 55, '2019-04-16 16:34:03', '2019-04-16 16:34:03'),
(28, 5, 56, '2019-04-16 16:34:03', '2019-04-16 16:34:03'),
(29, 5, 57, '2019-04-16 16:34:03', '2019-04-16 16:34:03'),
(30, 5, 58, '2019-04-16 16:34:03', '2019-04-16 16:34:03'),
(31, 5, 59, '2019-04-16 16:34:03', '2019-04-16 16:34:03'),
(32, 5, 60, '2019-04-16 16:34:03', '2019-04-16 16:34:03'),
(48, 3, 26, '2019-04-16 16:49:27', '2019-04-16 16:49:27'),
(49, 3, 27, '2019-04-16 16:49:27', '2019-04-16 16:49:27'),
(50, 3, 28, '2019-04-16 16:49:27', '2019-04-16 16:49:27'),
(51, 3, 29, '2019-04-16 16:49:27', '2019-04-16 16:49:27'),
(52, 3, 30, '2019-04-16 16:49:27', '2019-04-16 16:49:27'),
(53, 3, 31, '2019-04-16 16:49:27', '2019-04-16 16:49:27'),
(54, 3, 32, '2019-04-16 16:49:27', '2019-04-16 16:49:27'),
(55, 3, 33, '2019-04-16 16:49:27', '2019-04-16 16:49:27'),
(56, 3, 34, '2019-04-16 16:49:27', '2019-04-16 16:49:27'),
(66, 1, 1, '2019-04-16 16:51:32', '2019-04-16 16:51:32'),
(67, 1, 2, '2019-04-16 16:51:32', '2019-04-16 16:51:32'),
(68, 1, 3, '2019-04-16 16:51:32', '2019-04-16 16:51:32'),
(69, 1, 4, '2019-04-16 16:51:32', '2019-04-16 16:51:32'),
(70, 1, 5, '2019-04-16 16:51:32', '2019-04-16 16:51:32'),
(71, 1, 6, '2019-04-16 16:51:32', '2019-04-16 16:51:32'),
(72, 1, 7, '2019-04-16 16:51:32', '2019-04-16 16:51:32'),
(73, 1, 8, '2019-04-16 16:51:32', '2019-04-16 16:51:32'),
(74, 1, 9, '2019-04-16 16:51:32', '2019-04-16 16:51:32'),
(75, 1, 10, '2019-04-16 16:51:32', '2019-04-16 16:51:32'),
(76, 1, 11, '2019-04-16 16:51:32', '2019-04-16 16:51:32'),
(77, 1, 12, '2019-04-16 16:51:32', '2019-04-16 16:51:32'),
(78, 1, 13, '2019-04-16 16:51:32', '2019-04-16 16:51:32'),
(79, 1, 14, '2019-04-16 16:51:32', '2019-04-16 16:51:32'),
(80, 1, 15, '2019-04-16 16:51:32', '2019-04-16 16:51:32'),
(81, 1, 16, '2019-04-16 16:51:32', '2019-04-16 16:51:32'),
(141, 2, 17, '2019-04-20 00:49:03', '2019-04-20 00:49:03'),
(142, 2, 18, '2019-04-20 00:49:03', '2019-04-20 00:49:03'),
(143, 2, 19, '2019-04-20 00:49:03', '2019-04-20 00:49:03'),
(144, 2, 20, '2019-04-20 00:49:03', '2019-04-20 00:49:03'),
(145, 2, 21, '2019-04-20 00:49:03', '2019-04-20 00:49:03'),
(146, 2, 22, '2019-04-20 00:49:03', '2019-04-20 00:49:03'),
(147, 2, 23, '2019-04-20 00:49:03', '2019-04-20 00:49:03'),
(148, 2, 24, '2019-04-20 00:49:03', '2019-04-20 00:49:03'),
(149, 2, 25, '2019-04-20 00:49:03', '2019-04-20 00:49:03'),
(165, 4, 35, '2019-04-20 01:02:42', '2019-04-20 01:02:42'),
(166, 4, 36, '2019-04-20 01:02:42', '2019-04-20 01:02:42'),
(167, 4, 37, '2019-04-20 01:02:42', '2019-04-20 01:02:42'),
(168, 4, 38, '2019-04-20 01:02:42', '2019-04-20 01:02:42'),
(169, 4, 39, '2019-04-20 01:02:42', '2019-04-20 01:02:42'),
(170, 4, 40, '2019-04-20 01:02:42', '2019-04-20 01:02:42'),
(171, 4, 41, '2019-04-20 01:02:42', '2019-04-20 01:02:42'),
(172, 4, 42, '2019-04-20 01:02:42', '2019-04-20 01:02:42'),
(173, 4, 43, '2019-04-20 01:02:42', '2019-04-20 01:02:42'),
(174, 4, 44, '2019-04-20 01:02:42', '2019-04-20 01:02:42'),
(175, 4, 45, '2019-04-20 01:02:42', '2019-04-20 01:02:42'),
(176, 4, 46, '2019-04-20 01:02:42', '2019-04-20 01:02:42'),
(177, 4, 47, '2019-04-20 01:02:42', '2019-04-20 01:02:42'),
(178, 4, 48, '2019-04-20 01:02:42', '2019-04-20 01:02:42'),
(179, 4, 49, '2019-04-20 01:02:42', '2019-04-20 01:02:42'),
(245, 6, 61, '2019-04-22 11:52:40', '2019-04-22 11:52:40'),
(246, 6, 62, '2019-04-22 11:52:40', '2019-04-22 11:52:40'),
(247, 6, 63, '2019-04-22 11:52:40', '2019-04-22 11:52:40'),
(248, 6, 64, '2019-04-22 11:52:40', '2019-04-22 11:52:40'),
(249, 6, 65, '2019-04-22 11:52:40', '2019-04-22 11:52:40'),
(250, 6, 66, '2019-04-22 11:52:40', '2019-04-22 11:52:40'),
(251, 6, 67, '2019-04-22 11:52:40', '2019-04-22 11:52:40'),
(252, 6, 68, '2019-04-22 11:52:40', '2019-04-22 11:52:40'),
(253, 6, 69, '2019-04-22 11:52:40', '2019-04-22 11:52:40'),
(254, 6, 70, '2019-04-22 11:52:40', '2019-04-22 11:52:40'),
(255, 6, 71, '2019-04-22 11:52:40', '2019-04-22 11:52:40'),
(256, 6, 72, '2019-04-22 11:52:40', '2019-04-22 11:52:40'),
(257, 6, 84, '2019-04-22 11:52:40', '2019-04-22 11:52:40'),
(258, 7, 73, '2019-04-22 11:58:00', '2019-04-22 11:58:00'),
(259, 7, 74, '2019-04-22 11:58:00', '2019-04-22 11:58:00'),
(260, 7, 75, '2019-04-22 11:58:00', '2019-04-22 11:58:00'),
(261, 7, 76, '2019-04-22 11:58:00', '2019-04-22 11:58:00'),
(262, 7, 77, '2019-04-22 11:58:00', '2019-04-22 11:58:00'),
(263, 7, 78, '2019-04-22 11:58:00', '2019-04-22 11:58:00'),
(264, 7, 79, '2019-04-22 11:58:00', '2019-04-22 11:58:00'),
(265, 7, 80, '2019-04-22 11:58:00', '2019-04-22 11:58:00'),
(266, 7, 81, '2019-04-22 11:58:00', '2019-04-22 11:58:00'),
(267, 8, 86, '2019-04-22 11:58:46', '2019-04-22 11:58:46'),
(268, 8, 87, '2019-04-22 11:58:46', '2019-04-22 11:58:46'),
(269, 8, 88, '2019-04-22 11:58:46', '2019-04-22 11:58:46'),
(270, 8, 89, '2019-04-22 11:58:46', '2019-04-22 11:58:46'),
(271, 8, 90, '2019-04-22 11:58:46', '2019-04-22 11:58:46'),
(272, 8, 91, '2019-04-22 11:58:46', '2019-04-22 11:58:46'),
(273, 8, 92, '2019-04-22 11:58:46', '2019-04-22 11:58:46'),
(274, 8, 93, '2019-04-22 11:58:46', '2019-04-22 11:58:46'),
(275, 8, 94, '2019-04-22 11:58:46', '2019-04-22 11:58:46'),
(276, 8, 95, '2019-04-22 11:58:46', '2019-04-22 11:58:46'),
(277, 8, 96, '2019-04-22 11:58:46', '2019-04-22 11:58:46'),
(278, 8, 97, '2019-04-22 11:58:46', '2019-04-22 11:58:46');

-- --------------------------------------------------------

--
-- テーブルの構造 `users`
--

CREATE TABLE `users` (
  `id` int(10) UNSIGNED NOT NULL,
  `role_id` tinyint(2) UNSIGNED NOT NULL,
  `name` varchar(125) COLLATE utf8mb4_unicode_ci NOT NULL,
  `login` varchar(32) COLLATE utf8mb4_unicode_ci NOT NULL,
  `passwd` varchar(32) COLLATE utf8mb4_unicode_ci NOT NULL,
  `email` varchar(200) COLLATE utf8mb4_unicode_ci DEFAULT NULL,
  `disabled` tinyint(1) NOT NULL DEFAULT '0',
  `created` datetime NOT NULL,
  `updated` datetime NOT NULL
) ENGINE=InnoDB DEFAULT CHARSET=utf8mb4 COLLATE=utf8mb4_unicode_ci;

--
-- テーブルのデータのダンプ `users`
--

INSERT INTO `users` (`id`, `role_id`, `name`, `login`, `passwd`, `email`, `disabled`, `created`, `updated`) VALUES
(1, 3, 'Khang', 'admin', 'admin', 'leduongkhang@gmail.com', 0, '2018-12-30 00:00:00', '2018-12-30 00:00:00');

-- --------------------------------------------------------

--
-- テーブルの構造 `warehouses`
--

CREATE TABLE `warehouses` (
  `id` tinyint(3) UNSIGNED NOT NULL,
  `user_id` int(10) UNSIGNED NOT NULL,
  `name` varchar(64) COLLATE utf8mb4_unicode_ci NOT NULL,
  `remarks` varchar(400) COLLATE utf8mb4_unicode_ci DEFAULT NULL,
  `created` datetime NOT NULL,
  `updated` datetime NOT NULL
) ENGINE=InnoDB DEFAULT CHARSET=utf8mb4 COLLATE=utf8mb4_unicode_ci;

--
-- テーブルのデータのダンプ `warehouses`
--

INSERT INTO `warehouses` (`id`, `user_id`, `name`, `remarks`, `created`, `updated`) VALUES
(1, 1, 'Sài Gòn', 'kho Sài Gòn', '2019-03-15 00:00:00', '2019-03-15 00:00:00'),
(2, 1, 'Lagi', 'kho Lagi', '2019-03-15 00:00:00', '2019-03-15 00:00:00');

--
-- Indexes for dumped tables
--

--
-- Indexes for table `brands`
--
ALTER TABLE `brands`
  ADD PRIMARY KEY (`id`);

--
-- Indexes for table `categories`
--
ALTER TABLE `categories`
  ADD PRIMARY KEY (`id`);

--
-- Indexes for table `clients`
--
ALTER TABLE `clients`
  ADD PRIMARY KEY (`id`);

--
-- Indexes for table `commons`
--
ALTER TABLE `commons`
  ADD PRIMARY KEY (`id`),
  ADD KEY `cat_key_val` (`cid`,`name`,`value`);

--
-- Indexes for table `countries`
--
ALTER TABLE `countries`
  ADD PRIMARY KEY (`id`);

--
-- Indexes for table `invoices`
--
ALTER TABLE `invoices`
  ADD PRIMARY KEY (`id`);

--
-- Indexes for table `invoices_details`
--
ALTER TABLE `invoices_details`
  ADD PRIMARY KEY (`id`);

--
-- Indexes for table `other_costs`
--
ALTER TABLE `other_costs`
  ADD PRIMARY KEY (`id`);

--
-- Indexes for table `permissions`
--
ALTER TABLE `permissions`
  ADD PRIMARY KEY (`id`),
  ADD KEY `perm_role` (`role_id`);

--
-- Indexes for table `products`
--
ALTER TABLE `products`
  ADD PRIMARY KEY (`id`);

--
-- Indexes for table `products_quantities`
--
ALTER TABLE `products_quantities`
  ADD PRIMARY KEY (`id`);

--
-- Indexes for table `product_ins`
--
ALTER TABLE `product_ins`
  ADD PRIMARY KEY (`id`);

--
-- Indexes for table `roles`
--
ALTER TABLE `roles`
  ADD PRIMARY KEY (`id`);

--
-- Indexes for table `transports`
--
ALTER TABLE `transports`
  ADD PRIMARY KEY (`id`);

--
-- Indexes for table `transport_invoices`
--
ALTER TABLE `transport_invoices`
  ADD PRIMARY KEY (`id`);

--
-- Indexes for table `users`
--
ALTER TABLE `users`
  ADD PRIMARY KEY (`id`);

--
-- Indexes for table `warehouses`
--
ALTER TABLE `warehouses`
  ADD PRIMARY KEY (`id`);

--
-- AUTO_INCREMENT for dumped tables
--

--
-- AUTO_INCREMENT for table `brands`
--
ALTER TABLE `brands`
  MODIFY `id` int(10) UNSIGNED NOT NULL AUTO_INCREMENT, AUTO_INCREMENT=54;

--
-- AUTO_INCREMENT for table `categories`
--
ALTER TABLE `categories`
  MODIFY `id` int(10) UNSIGNED NOT NULL AUTO_INCREMENT, AUTO_INCREMENT=25;

--
-- AUTO_INCREMENT for table `clients`
--
ALTER TABLE `clients`
  MODIFY `id` int(10) UNSIGNED NOT NULL AUTO_INCREMENT, AUTO_INCREMENT=67;

--
-- AUTO_INCREMENT for table `commons`
--
ALTER TABLE `commons`
  MODIFY `id` int(11) UNSIGNED NOT NULL AUTO_INCREMENT, AUTO_INCREMENT=2;

--
-- AUTO_INCREMENT for table `countries`
--
ALTER TABLE `countries`
  MODIFY `id` tinyint(3) UNSIGNED NOT NULL AUTO_INCREMENT, AUTO_INCREMENT=3;

--
-- AUTO_INCREMENT for table `invoices`
--
ALTER TABLE `invoices`
  MODIFY `id` int(10) UNSIGNED NOT NULL AUTO_INCREMENT, AUTO_INCREMENT=98;

--
-- AUTO_INCREMENT for table `invoices_details`
--
ALTER TABLE `invoices_details`
  MODIFY `id` int(10) UNSIGNED NOT NULL AUTO_INCREMENT, AUTO_INCREMENT=209;

--
-- AUTO_INCREMENT for table `other_costs`
--
ALTER TABLE `other_costs`
  MODIFY `id` int(10) UNSIGNED NOT NULL AUTO_INCREMENT, AUTO_INCREMENT=8;

--
-- AUTO_INCREMENT for table `permissions`
--
ALTER TABLE `permissions`
  MODIFY `id` int(10) UNSIGNED NOT NULL AUTO_INCREMENT, AUTO_INCREMENT=5;

--
-- AUTO_INCREMENT for table `products`
--
ALTER TABLE `products`
  MODIFY `id` int(10) UNSIGNED NOT NULL AUTO_INCREMENT, AUTO_INCREMENT=166;

--
-- AUTO_INCREMENT for table `products_quantities`
--
ALTER TABLE `products_quantities`
  MODIFY `id` int(10) UNSIGNED NOT NULL AUTO_INCREMENT, AUTO_INCREMENT=177;

--
-- AUTO_INCREMENT for table `product_ins`
--
ALTER TABLE `product_ins`
  MODIFY `id` bigint(20) UNSIGNED NOT NULL AUTO_INCREMENT, AUTO_INCREMENT=296;

--
-- AUTO_INCREMENT for table `roles`
--
ALTER TABLE `roles`
  MODIFY `id` tinyint(2) UNSIGNED NOT NULL AUTO_INCREMENT, AUTO_INCREMENT=6;

--
-- AUTO_INCREMENT for table `transports`
--
ALTER TABLE `transports`
  MODIFY `id` int(10) UNSIGNED NOT NULL AUTO_INCREMENT, AUTO_INCREMENT=9;

--
-- AUTO_INCREMENT for table `transport_invoices`
--
ALTER TABLE `transport_invoices`
  MODIFY `id` int(10) UNSIGNED NOT NULL AUTO_INCREMENT, AUTO_INCREMENT=279;

--
-- AUTO_INCREMENT for table `users`
--
ALTER TABLE `users`
  MODIFY `id` int(10) UNSIGNED NOT NULL AUTO_INCREMENT, AUTO_INCREMENT=2;

--
-- AUTO_INCREMENT for table `warehouses`
--
ALTER TABLE `warehouses`
  MODIFY `id` tinyint(3) UNSIGNED NOT NULL AUTO_INCREMENT, AUTO_INCREMENT=3;
COMMIT;

/*!40101 SET CHARACTER_SET_CLIENT=@OLD_CHARACTER_SET_CLIENT */;
/*!40101 SET CHARACTER_SET_RESULTS=@OLD_CHARACTER_SET_RESULTS */;
/*!40101 SET COLLATION_CONNECTION=@OLD_COLLATION_CONNECTION */;
